Time	Ch0	Gen
0E-12	-8.788184E-1	1.736051E+0
0.000002000000	-9.209578E-1	1.736051E+0
0.000004000000	-9.209578E-1	1.650789E+0
0.000006000000	-9.630971E-1	1.650789E+0
0.000008000000	-9.630971E-1	1.650789E+0
0.000010000000	-9.209578E-1	1.693420E+0
0.000012000000	-8.788184E-1	1.736051E+0
0.000014000000	-8.788184E-1	1.736051E+0
0.000016000000	-9.209578E-1	1.693420E+0
0.000018000000	-9.209578E-1	1.736051E+0
0.000020000000	-9.209578E-1	1.736051E+0
0.000022000000	-9.209578E-1	1.736051E+0
0.000024000000	-9.209578E-1	1.778681E+0
0.000026000000	-9.209578E-1	1.736051E+0
0.000028000000	-9.630971E-1	1.736051E+0
0.000030000000	-9.630971E-1	1.736051E+0
0.000032000000	-9.209578E-1	1.736051E+0
0.000034000000	-9.209578E-1	1.736051E+0
0.000036000000	-9.209578E-1	1.736051E+0
0.000038000000	-8.788184E-1	1.736051E+0
0.000040000000	-9.209578E-1	1.650789E+0
0.000042000000	-9.630971E-1	1.650789E+0
0.000044000000	-9.630971E-1	1.650789E+0
0.000046000000	-8.788184E-1	1.693420E+0
0.000048000000	-9.209578E-1	1.693420E+0
0.000050000000	-9.209578E-1	1.693420E+0
0.000052000000	-9.209578E-1	1.650789E+0
0.000054000000	-9.630971E-1	1.650789E+0
0.000056000000	-9.209578E-1	1.693420E+0
0.000058000000	-9.209578E-1	1.736051E+0
0.000060000000	-9.209578E-1	1.736051E+0
0.000062000000	-8.788184E-1	1.736051E+0
0.000064000000	-9.630971E-1	1.693420E+0
0.000066000000	-9.630971E-1	1.693420E+0
0.000068000000	-9.209578E-1	1.693420E+0
0.000070000000	-8.788184E-1	1.736051E+0
0.000072000000	-9.209578E-1	1.736051E+0
0.000074000000	-8.788184E-1	1.736051E+0
0.000076000000	-9.209578E-1	1.693420E+0
0.000078000000	-9.630971E-1	1.693420E+0
0.000080000000	-9.630971E-1	1.693420E+0
0.000082000000	-9.209578E-1	1.693420E+0
0.000084000000	-8.788184E-1	1.736051E+0
0.000086000000	-9.209578E-1	1.736051E+0
0.000088000000	-9.630971E-1	1.693420E+0
0.000090000000	-9.630971E-1	1.693420E+0
0.000092000000	-9.209578E-1	1.693420E+0
0.000094000000	-8.788184E-1	1.693420E+0
0.000096000000	-8.788184E-1	1.736051E+0
0.000098000000	-8.788184E-1	1.736051E+0
0.000100000000	6.107945E-3	1.736051E+0
0.000102000000	-3.603141E-2	1.693420E+0
0.000104000000	6.107945E-3	1.693420E+0
0.000106000000	6.107945E-3	1.693420E+0
0.000108000000	6.107945E-3	1.778681E+0
0.000110000000	6.107945E-3	1.736051E+0
0.000112000000	6.107945E-3	1.736051E+0
0.000114000000	-3.603141E-2	1.693420E+0
0.000116000000	-3.603141E-2	1.693420E+0
0.000118000000	6.107945E-3	1.736051E+0
0.000120000000	6.107945E-3	1.736051E+0
0.000122000000	6.107945E-3	1.736051E+0
0.000124000000	-3.603141E-2	1.693420E+0
0.000126000000	6.107945E-3	1.693420E+0
0.000128000000	6.107945E-3	1.693420E+0
0.000130000000	6.107945E-3	1.693420E+0
0.000132000000	-3.603141E-2	1.650789E+0
0.000134000000	-3.603141E-2	1.650789E+0
0.000136000000	6.107945E-3	1.608158E+0
0.000138000000	6.107945E-3	1.608158E+0
0.000140000000	6.107945E-3	1.608158E+0
0.000142000000	-3.603141E-2	1.565528E+0
0.000144000000	6.107945E-3	1.480266E+0
0.000146000000	-3.603141E-2	1.395005E+0
0.000148000000	6.107945E-3	1.395005E+0
0.000150000000	6.107945E-3	1.309743E+0
0.000152000000	-3.603141E-2	1.181851E+0
0.000154000000	-3.603141E-2	1.053959E+0
0.000156000000	6.107945E-3	1.011328E+0
0.000158000000	6.107945E-3	9.260670E-1
0.000160000000	6.107945E-3	7.981748E-1
0.000162000000	-3.603141E-2	6.702826E-1
0.000164000000	-3.603141E-2	5.850212E-1
0.000166000000	-3.603141E-2	4.571290E-1
0.000168000000	6.107945E-3	4.144983E-1
0.000170000000	6.107945E-3	3.718676E-1
0.000172000000	-3.603141E-2	2.439754E-1
0.000174000000	-3.603141E-2	2.013447E-1
0.000176000000	-3.603141E-2	2.013447E-1
0.000178000000	6.107945E-3	1.587140E-1
0.000180000000	6.107945E-3	2.013447E-1
0.000182000000	-3.603141E-2	1.587140E-1
0.000184000000	-3.603141E-2	1.587140E-1
0.000186000000	-3.603141E-2	2.013447E-1
0.000188000000	6.107945E-3	2.439754E-1
0.000190000000	6.107945E-3	3.292369E-1
0.000192000000	-3.603141E-2	2.866061E-1
0.000194000000	-7.817076E-2	3.292369E-1
0.000196000000	6.107945E-3	3.292369E-1
0.000198000000	6.107945E-3	3.718676E-1
0.000200000000	6.107945E-3	3.718676E-1
0.000202000000	-3.603141E-2	3.292369E-1
0.000204000000	-7.817076E-2	2.866061E-1
0.000206000000	-3.603141E-2	3.292369E-1
0.000208000000	-3.603141E-2	3.292369E-1
0.000210000000	6.107945E-3	2.866061E-1
0.000212000000	-3.603141E-2	2.439754E-1
0.000214000000	-3.603141E-2	2.013447E-1
0.000216000000	-3.603141E-2	2.439754E-1
0.000218000000	6.107945E-3	2.439754E-1
0.000220000000	6.107945E-3	2.013447E-1
0.000222000000	-3.603141E-2	1.587140E-1
0.000224000000	-3.603141E-2	1.587140E-1
0.000226000000	6.107945E-3	2.013447E-1
0.000228000000	6.107945E-3	2.439754E-1
0.000230000000	-3.603141E-2	2.439754E-1
0.000232000000	6.107945E-3	2.013447E-1
0.000234000000	-3.603141E-2	2.013447E-1
0.000236000000	6.107945E-3	2.439754E-1
0.000238000000	6.107945E-3	2.866061E-1
0.000240000000	6.107945E-3	3.292369E-1
0.000242000000	-3.603141E-2	2.439754E-1
0.000244000000	-3.603141E-2	2.866061E-1
0.000246000000	6.107945E-3	2.866061E-1
0.000248000000	6.107945E-3	3.292369E-1
0.000250000000	6.107945E-3	2.866061E-1
0.000252000000	-3.603141E-2	2.439754E-1
0.000254000000	-3.603141E-2	2.439754E-1
0.000256000000	-3.603141E-2	2.439754E-1
0.000258000000	6.107945E-3	2.439754E-1
0.000260000000	-3.603141E-2	2.439754E-1
0.000262000000	-3.603141E-2	2.013447E-1
0.000264000000	-3.603141E-2	2.013447E-1
0.000266000000	-3.603141E-2	2.013447E-1
0.000268000000	6.107945E-3	2.439754E-1
0.000270000000	6.107945E-3	2.439754E-1
0.000272000000	-7.817076E-2	2.439754E-1
0.000274000000	-3.603141E-2	2.439754E-1
0.000276000000	6.107945E-3	2.439754E-1
0.000278000000	-3.603141E-2	2.866061E-1
0.000280000000	6.107945E-3	2.866061E-1
0.000282000000	6.107945E-3	2.439754E-1
0.000284000000	-3.603141E-2	2.439754E-1
0.000286000000	6.107945E-3	2.439754E-1
0.000288000000	6.107945E-3	2.866061E-1
0.000290000000	6.107945E-3	2.866061E-1
0.000292000000	-3.603141E-2	2.439754E-1
0.000294000000	-3.603141E-2	2.439754E-1
0.000296000000	-3.603141E-2	2.439754E-1
0.000298000000	6.107945E-3	2.866061E-1
0.000300000000	6.107945E-3	2.866061E-1
0.000302000000	-3.603141E-2	2.439754E-1
0.000304000000	-7.817076E-2	2.013447E-1
0.000306000000	-3.603141E-2	2.439754E-1
0.000308000000	6.107945E-3	2.439754E-1
0.000310000000	6.107945E-3	2.866061E-1
0.000312000000	-3.603141E-2	2.439754E-1
0.000314000000	-3.603141E-2	2.439754E-1
0.000316000000	6.107945E-3	2.439754E-1
0.000318000000	6.107945E-3	2.866061E-1
0.000320000000	6.107945E-3	2.866061E-1
0.000322000000	-3.603141E-2	2.439754E-1
0.000324000000	-3.603141E-2	2.439754E-1
0.000326000000	-3.603141E-2	2.866061E-1
0.000328000000	6.107945E-3	2.866061E-1
0.000330000000	6.107945E-3	2.866061E-1
0.000332000000	-3.603141E-2	2.439754E-1
0.000334000000	-3.603141E-2	2.439754E-1
0.000336000000	-3.603141E-2	2.439754E-1
0.000338000000	6.107945E-3	2.866061E-1
0.000340000000	-1.005236E+0	2.866061E-1
0.000342000000	-9.209578E-1	2.439754E-1
0.000344000000	-9.209578E-1	2.439754E-1
0.000346000000	-9.209578E-1	2.439754E-1
0.000348000000	-8.788184E-1	2.439754E-1
0.000350000000	-9.209578E-1	2.439754E-1
0.000352000000	-9.209578E-1	2.439754E-1
0.000354000000	-9.209578E-1	2.013447E-1
0.000356000000	-9.209578E-1	2.439754E-1
0.000358000000	-8.788184E-1	2.866061E-1
0.000360000000	-9.209578E-1	2.866061E-1
0.000362000000	-9.209578E-1	2.866061E-1
0.000364000000	-9.630971E-1	2.439754E-1
0.000366000000	-9.630971E-1	2.439754E-1
0.000368000000	-9.209578E-1	2.866061E-1
0.000370000000	-9.209578E-1	2.866061E-1
0.000372000000	-8.788184E-1	2.866061E-1
0.000374000000	-9.209578E-1	3.292369E-1
0.000376000000	-9.630971E-1	2.866061E-1
0.000378000000	-9.630971E-1	3.292369E-1
0.000380000000	-9.209578E-1	3.718676E-1
0.000382000000	-9.209578E-1	4.571290E-1
0.000384000000	-9.209578E-1	4.997597E-1
0.000386000000	-9.209578E-1	5.850212E-1
0.000388000000	-9.630971E-1	5.850212E-1
0.000390000000	-9.630971E-1	6.702826E-1
0.000392000000	-9.630971E-1	7.555441E-1
0.000394000000	-9.209578E-1	8.408055E-1
0.000396000000	-9.209578E-1	9.686977E-1
0.000398000000	-9.209578E-1	1.053959E+0
0.000400000000	-9.209578E-1	1.139221E+0
0.000402000000	-9.209578E-1	1.224482E+0
0.000404000000	-9.209578E-1	1.352374E+0
0.000406000000	-9.209578E-1	1.480266E+0
0.000408000000	-9.209578E-1	1.565528E+0
0.000410000000	-9.630971E-1	1.608158E+0
0.000412000000	-9.209578E-1	1.650789E+0
0.000414000000	-9.630971E-1	1.693420E+0
0.000416000000	-9.209578E-1	1.736051E+0
0.000418000000	-8.788184E-1	1.778681E+0
0.000420000000	-8.788184E-1	1.821312E+0
0.000422000000	-8.788184E-1	1.821312E+0
0.000424000000	-9.630971E-1	1.736051E+0
0.000426000000	-9.209578E-1	1.736051E+0
0.000428000000	-9.209578E-1	1.693420E+0
0.000430000000	-8.788184E-1	1.693420E+0
0.000432000000	-8.788184E-1	1.650789E+0
0.000434000000	-9.209578E-1	1.693420E+0
0.000436000000	-9.209578E-1	1.608158E+0
0.000438000000	-9.630971E-1	1.608158E+0
0.000440000000	-9.209578E-1	1.608158E+0
0.000442000000	-8.788184E-1	1.650789E+0
0.000444000000	-9.209578E-1	1.650789E+0
0.000446000000	-9.209578E-1	1.608158E+0
0.000448000000	-9.630971E-1	1.608158E+0
0.000450000000	-9.209578E-1	1.650789E+0
0.000452000000	-9.630971E-1	1.693420E+0
0.000454000000	-8.788184E-1	1.736051E+0
0.000456000000	-9.209578E-1	1.778681E+0
0.000458000000	-9.209578E-1	1.778681E+0
0.000460000000	-9.209578E-1	1.736051E+0
0.000462000000	-9.630971E-1	1.736051E+0
0.000464000000	-9.209578E-1	1.778681E+0
0.000466000000	-9.209578E-1	1.778681E+0
0.000468000000	-9.209578E-1	1.778681E+0
0.000470000000	-9.209578E-1	1.778681E+0
0.000472000000	-9.209578E-1	1.736051E+0
0.000474000000	-9.209578E-1	1.693420E+0
0.000476000000	-9.209578E-1	1.650789E+0
0.000478000000	-8.788184E-1	1.693420E+0
0.000480000000	-8.788184E-1	1.736051E+0
0.000482000000	-9.209578E-1	1.693420E+0
0.000484000000	-9.209578E-1	1.650789E+0
0.000486000000	-9.209578E-1	1.650789E+0
0.000488000000	-9.209578E-1	1.650789E+0
0.000490000000	-8.788184E-1	1.693420E+0
0.000492000000	-8.788184E-1	1.736051E+0
0.000494000000	-8.788184E-1	1.736051E+0
0.000496000000	-9.630971E-1	1.693420E+0
0.000498000000	-9.209578E-1	1.693420E+0
0.000500000000	-8.788184E-1	1.693420E+0
0.000502000000	-9.209578E-1	1.778681E+0
0.000504000000	-8.788184E-1	1.778681E+0
0.000506000000	-9.209578E-1	1.778681E+0
0.000508000000	-9.630971E-1	1.736051E+0
0.000510000000	-9.209578E-1	1.693420E+0
0.000512000000	-8.788184E-1	1.736051E+0
0.000514000000	-8.788184E-1	1.736051E+0
0.000516000000	-8.788184E-1	1.736051E+0
0.000518000000	-9.209578E-1	1.736051E+0
0.000520000000	-9.630971E-1	1.693420E+0
0.000522000000	-9.630971E-1	1.650789E+0
0.000524000000	-9.209578E-1	1.650789E+0
0.000526000000	-9.209578E-1	1.693420E+0
0.000528000000	-9.209578E-1	1.736051E+0
0.000530000000	-9.209578E-1	1.693420E+0
0.000532000000	-9.209578E-1	1.693420E+0
0.000534000000	-9.209578E-1	1.693420E+0
0.000536000000	-9.630971E-1	1.736051E+0
0.000538000000	-8.788184E-1	1.736051E+0
0.000540000000	-8.788184E-1	1.736051E+0
0.000542000000	-9.209578E-1	1.736051E+0
0.000544000000	-9.209578E-1	1.736051E+0
0.000546000000	-9.209578E-1	1.693420E+0
0.000548000000	-9.209578E-1	1.736051E+0
0.000550000000	-9.209578E-1	1.736051E+0
0.000552000000	-8.788184E-1	1.736051E+0
0.000554000000	-9.209578E-1	1.736051E+0
0.000556000000	-9.209578E-1	1.693420E+0
0.000558000000	-9.209578E-1	1.650789E+0
0.000560000000	-9.209578E-1	1.693420E+0
0.000562000000	-9.209578E-1	1.693420E+0
0.000564000000	-9.209578E-1	1.693420E+0
0.000566000000	-9.209578E-1	1.736051E+0
0.000568000000	-9.209578E-1	1.650789E+0
0.000570000000	-9.630971E-1	1.650789E+0
0.000572000000	-9.209578E-1	1.693420E+0
0.000574000000	-8.788184E-1	1.736051E+0
0.000576000000	-8.788184E-1	1.736051E+0
0.000578000000	-9.630971E-1	1.736051E+0
0.000580000000	6.107945E-3	1.693420E+0
0.000582000000	-3.603141E-2	1.693420E+0
0.000584000000	-3.603141E-2	1.693420E+0
0.000586000000	-3.603141E-2	1.736051E+0
0.000588000000	6.107945E-3	1.736051E+0
0.000590000000	-3.603141E-2	1.736051E+0
0.000592000000	-3.603141E-2	1.693420E+0
0.000594000000	-3.603141E-2	1.693420E+0
0.000596000000	6.107945E-3	1.693420E+0
0.000598000000	6.107945E-3	1.736051E+0
0.000600000000	-3.603141E-2	1.736051E+0
0.000602000000	-3.603141E-2	1.693420E+0
0.000604000000	-3.603141E-2	1.693420E+0
0.000606000000	-3.603141E-2	1.693420E+0
0.000608000000	6.107945E-3	1.736051E+0
0.000610000000	6.107945E-3	1.693420E+0
0.000612000000	-3.603141E-2	1.650789E+0
0.000614000000	-3.603141E-2	1.650789E+0
0.000616000000	6.107945E-3	1.608158E+0
0.000618000000	6.107945E-3	1.650789E+0
0.000620000000	6.107945E-3	1.608158E+0
0.000622000000	-3.603141E-2	1.565528E+0
0.000624000000	-3.603141E-2	1.480266E+0
0.000626000000	-3.603141E-2	1.437636E+0
0.000628000000	6.107945E-3	1.395005E+0
0.000630000000	-3.603141E-2	1.309743E+0
0.000632000000	-3.603141E-2	1.181851E+0
0.000634000000	-3.603141E-2	1.096590E+0
0.000636000000	-3.603141E-2	1.011328E+0
0.000638000000	6.107945E-3	9.260670E-1
0.000640000000	6.107945E-3	8.408055E-1
0.000642000000	-7.817076E-2	6.702826E-1
0.000644000000	-3.603141E-2	5.423905E-1
0.000646000000	6.107945E-3	4.997597E-1
0.000648000000	6.107945E-3	4.571290E-1
0.000650000000	6.107945E-3	3.718676E-1
0.000652000000	-3.603141E-2	2.439754E-1
0.000654000000	-7.817076E-2	2.013447E-1
0.000656000000	-3.603141E-2	1.587140E-1
0.000658000000	6.107945E-3	2.013447E-1
0.000660000000	6.107945E-3	1.587140E-1
0.000662000000	-3.603141E-2	1.587140E-1
0.000664000000	-7.817076E-2	1.587140E-1
0.000666000000	-3.603141E-2	2.013447E-1
0.000668000000	6.107945E-3	2.439754E-1
0.000670000000	6.107945E-3	2.866061E-1
0.000672000000	-3.603141E-2	2.866061E-1
0.000674000000	-3.603141E-2	2.866061E-1
0.000676000000	-3.603141E-2	3.292369E-1
0.000678000000	6.107945E-3	3.718676E-1
0.000680000000	-3.603141E-2	3.718676E-1
0.000682000000	-3.603141E-2	3.718676E-1
0.000684000000	-7.817076E-2	3.292369E-1
0.000686000000	6.107945E-3	3.292369E-1
0.000688000000	6.107945E-3	3.292369E-1
0.000690000000	6.107945E-3	2.866061E-1
0.000692000000	-3.603141E-2	2.439754E-1
0.000694000000	-3.603141E-2	2.439754E-1
0.000696000000	6.107945E-3	2.439754E-1
0.000698000000	6.107945E-3	2.439754E-1
0.000700000000	6.107945E-3	2.439754E-1
0.000702000000	-3.603141E-2	1.587140E-1
0.000704000000	-3.603141E-2	1.587140E-1
0.000706000000	6.107945E-3	2.013447E-1
0.000708000000	6.107945E-3	2.439754E-1
0.000710000000	6.107945E-3	2.439754E-1
0.000712000000	-3.603141E-2	2.013447E-1
0.000714000000	-3.603141E-2	2.439754E-1
0.000716000000	6.107945E-3	2.439754E-1
0.000718000000	-3.603141E-2	2.866061E-1
0.000720000000	6.107945E-3	2.866061E-1
0.000722000000	-3.603141E-2	2.866061E-1
0.000724000000	-3.603141E-2	2.866061E-1
0.000726000000	6.107945E-3	2.866061E-1
0.000728000000	6.107945E-3	2.866061E-1
0.000730000000	6.107945E-3	2.866061E-1
0.000732000000	-3.603141E-2	2.439754E-1
0.000734000000	-3.603141E-2	2.439754E-1
0.000736000000	6.107945E-3	2.439754E-1
0.000738000000	6.107945E-3	2.439754E-1
0.000740000000	6.107945E-3	2.439754E-1
0.000742000000	6.107945E-3	2.013447E-1
0.000744000000	-3.603141E-2	2.013447E-1
0.000746000000	6.107945E-3	2.439754E-1
0.000748000000	6.107945E-3	2.439754E-1
0.000750000000	6.107945E-3	2.439754E-1
0.000752000000	-3.603141E-2	2.439754E-1
0.000754000000	-3.603141E-2	2.013447E-1
0.000756000000	-3.603141E-2	2.439754E-1
0.000758000000	6.107945E-3	2.866061E-1
0.000760000000	6.107945E-3	2.866061E-1
0.000762000000	-3.603141E-2	2.439754E-1
0.000764000000	-3.603141E-2	2.439754E-1
0.000766000000	6.107945E-3	2.866061E-1
0.000768000000	6.107945E-3	2.866061E-1
0.000770000000	6.107945E-3	2.866061E-1
0.000772000000	-3.603141E-2	2.439754E-1
0.000774000000	-3.603141E-2	2.013447E-1
0.000776000000	6.107945E-3	2.439754E-1
0.000778000000	6.107945E-3	2.439754E-1
0.000780000000	6.107945E-3	2.439754E-1
0.000782000000	-3.603141E-2	2.439754E-1
0.000784000000	-3.603141E-2	2.439754E-1
0.000786000000	-3.603141E-2	2.439754E-1
0.000788000000	6.107945E-3	2.439754E-1
0.000790000000	6.107945E-3	2.439754E-1
0.000792000000	-3.603141E-2	2.439754E-1
0.000794000000	-3.603141E-2	2.439754E-1
0.000796000000	-3.603141E-2	2.439754E-1
0.000798000000	6.107945E-3	2.866061E-1
0.000800000000	6.107945E-3	2.439754E-1
0.000802000000	-3.603141E-2	2.439754E-1
0.000804000000	-3.603141E-2	2.439754E-1
0.000806000000	-3.603141E-2	2.866061E-1
0.000808000000	6.107945E-3	2.866061E-1
0.000810000000	-3.603141E-2	2.866061E-1
0.000812000000	-3.603141E-2	2.439754E-1
0.000814000000	-7.817076E-2	2.439754E-1
0.000816000000	6.107945E-3	2.439754E-1
0.000818000000	6.107945E-3	2.439754E-1
0.000820000000	-1.005236E+0	2.866061E-1
0.000822000000	-9.209578E-1	2.013447E-1
0.000824000000	-9.209578E-1	2.439754E-1
0.000826000000	-8.788184E-1	2.439754E-1
0.000828000000	-8.788184E-1	2.439754E-1
0.000830000000	-9.209578E-1	2.439754E-1
0.000832000000	-9.209578E-1	2.013447E-1
0.000834000000	-9.630971E-1	2.013447E-1
0.000836000000	-9.209578E-1	2.439754E-1
0.000838000000	-9.209578E-1	2.439754E-1
0.000840000000	-8.788184E-1	2.866061E-1
0.000842000000	-9.209578E-1	2.439754E-1
0.000844000000	-9.630971E-1	2.439754E-1
0.000846000000	-9.630971E-1	2.439754E-1
0.000848000000	-9.209578E-1	2.439754E-1
0.000850000000	-8.788184E-1	2.866061E-1
0.000852000000	-9.209578E-1	2.866061E-1
0.000854000000	-9.209578E-1	2.866061E-1
0.000856000000	-9.630971E-1	2.866061E-1
0.000858000000	-9.630971E-1	3.292369E-1
0.000860000000	-9.209578E-1	3.718676E-1
0.000862000000	-8.788184E-1	4.571290E-1
0.000864000000	-9.209578E-1	4.997597E-1
0.000866000000	-9.630971E-1	4.997597E-1
0.000868000000	-9.630971E-1	5.850212E-1
0.000870000000	-9.630971E-1	6.702826E-1
0.000872000000	-9.209578E-1	7.555441E-1
0.000874000000	-8.788184E-1	8.834362E-1
0.000876000000	-9.209578E-1	9.686977E-1
0.000878000000	-9.209578E-1	1.053959E+0
0.000880000000	-9.630971E-1	1.139221E+0
0.000882000000	-9.630971E-1	1.224482E+0
0.000884000000	-9.209578E-1	1.352374E+0
0.000886000000	-9.209578E-1	1.480266E+0
0.000888000000	-8.788184E-1	1.565528E+0
0.000890000000	-9.209578E-1	1.608158E+0
0.000892000000	-9.209578E-1	1.650789E+0
0.000894000000	-9.209578E-1	1.693420E+0
0.000896000000	-9.209578E-1	1.778681E+0
0.000898000000	-8.788184E-1	1.821312E+0
0.000900000000	-9.209578E-1	1.821312E+0
0.000902000000	-9.209578E-1	1.778681E+0
0.000904000000	-9.209578E-1	1.778681E+0
0.000906000000	-9.630971E-1	1.736051E+0
0.000908000000	-9.209578E-1	1.736051E+0
0.000910000000	-9.209578E-1	1.736051E+0
0.000912000000	-8.788184E-1	1.693420E+0
0.000914000000	-9.209578E-1	1.650789E+0
0.000916000000	-9.630971E-1	1.608158E+0
0.000918000000	-9.209578E-1	1.608158E+0
0.000920000000	-9.209578E-1	1.608158E+0
0.000922000000	-8.788184E-1	1.608158E+0
0.000924000000	-9.209578E-1	1.650789E+0
0.000926000000	-9.209578E-1	1.650789E+0
0.000928000000	-9.630971E-1	1.608158E+0
0.000930000000	-9.209578E-1	1.650789E+0
0.000932000000	-9.209578E-1	1.693420E+0
0.000934000000	-8.788184E-1	1.736051E+0
0.000936000000	-8.788184E-1	1.778681E+0
0.000938000000	-9.209578E-1	1.736051E+0
0.000940000000	-9.209578E-1	1.736051E+0
0.000942000000	-9.630971E-1	1.736051E+0
0.000944000000	-9.209578E-1	1.778681E+0
0.000946000000	-9.209578E-1	1.778681E+0
0.000948000000	-9.209578E-1	1.778681E+0
0.000950000000	-9.209578E-1	1.736051E+0
0.000952000000	-9.209578E-1	1.693420E+0
0.000954000000	-9.630971E-1	1.693420E+0
0.000956000000	-9.209578E-1	1.693420E+0
0.000958000000	-8.788184E-1	1.736051E+0
0.000960000000	-8.788184E-1	1.693420E+0
0.000962000000	-9.209578E-1	1.650789E+0
0.000964000000	-9.209578E-1	1.650789E+0
0.000966000000	-9.209578E-1	1.650789E+0
0.000968000000	-9.209578E-1	1.650789E+0
0.000970000000	-8.788184E-1	1.693420E+0
0.000972000000	-8.788184E-1	1.736051E+0
0.000974000000	-9.209578E-1	1.736051E+0
0.000976000000	-9.209578E-1	1.693420E+0
0.000978000000	-9.209578E-1	1.693420E+0
0.000980000000	-9.209578E-1	1.736051E+0
0.000982000000	-8.788184E-1	1.778681E+0
0.000984000000	-9.209578E-1	1.778681E+0
0.000986000000	-9.209578E-1	1.778681E+0
0.000988000000	-9.630971E-1	1.736051E+0
0.000990000000	-9.630971E-1	1.736051E+0
0.000992000000	-9.209578E-1	1.693420E+0
0.000994000000	-8.788184E-1	1.736051E+0
0.000996000000	-8.788184E-1	1.736051E+0
0.000998000000	-9.209578E-1	1.693420E+0
0.001000000000	-9.630971E-1	1.650789E+0
0.001002000000	-9.209578E-1	1.650789E+0
0.001004000000	-9.209578E-1	1.693420E+0
0.001006000000	-8.788184E-1	1.693420E+0
0.001008000000	-8.788184E-1	1.693420E+0
0.001010000000	-9.209578E-1	1.693420E+0
0.001012000000	-9.630971E-1	1.650789E+0
0.001014000000	-9.630971E-1	1.693420E+0
0.001016000000	-9.209578E-1	1.693420E+0
0.001018000000	-8.788184E-1	1.736051E+0
0.001020000000	-8.788184E-1	1.736051E+0
0.001022000000	-9.209578E-1	1.736051E+0
0.001024000000	-9.209578E-1	1.693420E+0
0.001026000000	-9.209578E-1	1.693420E+0
0.001028000000	-9.209578E-1	1.736051E+0
0.001030000000	-9.209578E-1	1.736051E+0
0.001032000000	-9.209578E-1	1.778681E+0
0.001034000000	-9.209578E-1	1.736051E+0
0.001036000000	-9.630971E-1	1.693420E+0
0.001038000000	-9.630971E-1	1.650789E+0
0.001040000000	-9.209578E-1	1.736051E+0
0.001042000000	-8.788184E-1	1.736051E+0
0.001044000000	-9.209578E-1	1.736051E+0
0.001046000000	-9.209578E-1	1.693420E+0
0.001048000000	-9.209578E-1	1.650789E+0
0.001050000000	-9.209578E-1	1.693420E+0
0.001052000000	-9.209578E-1	1.693420E+0
0.001054000000	-8.788184E-1	1.736051E+0
0.001056000000	-8.788184E-1	1.736051E+0
0.001058000000	-9.209578E-1	1.693420E+0
0.001060000000	6.107945E-3	1.693420E+0
0.001062000000	-7.817076E-2	1.693420E+0
0.001064000000	-3.603141E-2	1.693420E+0
0.001066000000	6.107945E-3	1.736051E+0
0.001068000000	6.107945E-3	1.736051E+0
0.001070000000	-3.603141E-2	1.736051E+0
0.001072000000	-3.603141E-2	1.693420E+0
0.001074000000	-3.603141E-2	1.693420E+0
0.001076000000	6.107945E-3	1.693420E+0
0.001078000000	6.107945E-3	1.736051E+0
0.001080000000	6.107945E-3	1.736051E+0
0.001082000000	-3.603141E-2	1.693420E+0
0.001084000000	-3.603141E-2	1.650789E+0
0.001086000000	6.107945E-3	1.693420E+0
0.001088000000	6.107945E-3	1.693420E+0
0.001090000000	-3.603141E-2	1.693420E+0
0.001092000000	-3.603141E-2	1.650789E+0
0.001094000000	-3.603141E-2	1.650789E+0
0.001096000000	-3.603141E-2	1.650789E+0
0.001098000000	6.107945E-3	1.650789E+0
0.001100000000	-3.603141E-2	1.608158E+0
0.001102000000	-3.603141E-2	1.522897E+0
0.001104000000	-3.603141E-2	1.480266E+0
0.001106000000	-3.603141E-2	1.395005E+0
0.001108000000	6.107945E-3	1.395005E+0
0.001110000000	6.107945E-3	1.309743E+0
0.001112000000	-3.603141E-2	1.181851E+0
0.001114000000	-3.603141E-2	1.096590E+0
0.001116000000	-3.603141E-2	1.011328E+0
0.001118000000	6.107945E-3	9.260670E-1
0.001120000000	6.107945E-3	7.981748E-1
0.001122000000	-3.603141E-2	6.702826E-1
0.001124000000	-3.603141E-2	5.850212E-1
0.001126000000	6.107945E-3	4.997597E-1
0.001128000000	6.107945E-3	4.571290E-1
0.001130000000	6.107945E-3	3.718676E-1
0.001132000000	-3.603141E-2	2.439754E-1
0.001134000000	-3.603141E-2	2.013447E-1
0.001136000000	-3.603141E-2	2.013447E-1
0.001138000000	6.107945E-3	2.013447E-1
0.001140000000	6.107945E-3	2.013447E-1
0.001142000000	-3.603141E-2	1.587140E-1
0.001144000000	-3.603141E-2	1.587140E-1
0.001146000000	6.107945E-3	2.013447E-1
0.001148000000	6.107945E-3	2.439754E-1
0.001150000000	-3.603141E-2	2.866061E-1
0.001152000000	-3.603141E-2	2.866061E-1
0.001154000000	-3.603141E-2	3.292369E-1
0.001156000000	6.107945E-3	3.718676E-1
0.001158000000	6.107945E-3	3.718676E-1
0.001160000000	-3.603141E-2	3.718676E-1
0.001162000000	-3.603141E-2	3.292369E-1
0.001164000000	-3.603141E-2	2.866061E-1
0.001166000000	6.107945E-3	3.292369E-1
0.001168000000	6.107945E-3	3.292369E-1
0.001170000000	6.107945E-3	2.866061E-1
0.001172000000	-3.603141E-2	2.439754E-1
0.001174000000	-3.603141E-2	2.439754E-1
0.001176000000	6.107945E-3	2.439754E-1
0.001178000000	-3.603141E-2	2.439754E-1
0.001180000000	-3.603141E-2	1.587140E-1
0.001182000000	-3.603141E-2	1.587140E-1
0.001184000000	-3.603141E-2	1.587140E-1
0.001186000000	6.107945E-3	2.013447E-1
0.001188000000	6.107945E-3	2.439754E-1
0.001190000000	-3.603141E-2	2.013447E-1
0.001192000000	-3.603141E-2	2.439754E-1
0.001194000000	-3.603141E-2	2.439754E-1
0.001196000000	6.107945E-3	2.866061E-1
0.001198000000	6.107945E-3	2.866061E-1
0.001200000000	-3.603141E-2	2.866061E-1
0.001202000000	-3.603141E-2	2.439754E-1
0.001204000000	-3.603141E-2	2.866061E-1
0.001206000000	6.107945E-3	2.866061E-1
0.001208000000	6.107945E-3	3.292369E-1
0.001210000000	-3.603141E-2	2.866061E-1
0.001212000000	-3.603141E-2	2.866061E-1
0.001214000000	-3.603141E-2	2.439754E-1
0.001216000000	6.107945E-3	2.866061E-1
0.001218000000	6.107945E-3	2.866061E-1
0.001220000000	6.107945E-3	2.439754E-1
0.001222000000	-7.817076E-2	2.013447E-1
0.001224000000	-3.603141E-2	2.013447E-1
0.001226000000	-3.603141E-2	2.439754E-1
0.001228000000	6.107945E-3	2.439754E-1
0.001230000000	6.107945E-3	2.013447E-1
0.001232000000	-3.603141E-2	2.013447E-1
0.001234000000	-3.603141E-2	2.439754E-1
0.001236000000	6.107945E-3	2.439754E-1
0.001238000000	6.107945E-3	2.866061E-1
0.001240000000	-3.603141E-2	2.866061E-1
0.001242000000	6.107945E-3	2.439754E-1
0.001244000000	-3.603141E-2	2.439754E-1
0.001246000000	6.107945E-3	2.866061E-1
0.001248000000	6.107945E-3	3.292369E-1
0.001250000000	-3.603141E-2	2.866061E-1
0.001252000000	-3.603141E-2	2.439754E-1
0.001254000000	-3.603141E-2	2.439754E-1
0.001256000000	6.107945E-3	2.439754E-1
0.001258000000	6.107945E-3	2.439754E-1
0.001260000000	6.107945E-3	2.439754E-1
0.001262000000	-3.603141E-2	2.013447E-1
0.001264000000	-7.817076E-2	2.439754E-1
0.001266000000	6.107945E-3	2.439754E-1
0.001268000000	-3.603141E-2	2.439754E-1
0.001270000000	6.107945E-3	2.439754E-1
0.001272000000	-3.603141E-2	2.013447E-1
0.001274000000	-3.603141E-2	2.439754E-1
0.001276000000	6.107945E-3	2.866061E-1
0.001278000000	6.107945E-3	2.866061E-1
0.001280000000	-3.603141E-2	2.439754E-1
0.001282000000	-3.603141E-2	2.439754E-1
0.001284000000	6.107945E-3	2.439754E-1
0.001286000000	6.107945E-3	2.439754E-1
0.001288000000	6.107945E-3	2.866061E-1
0.001290000000	6.107945E-3	2.866061E-1
0.001292000000	-3.603141E-2	2.439754E-1
0.001294000000	-3.603141E-2	2.439754E-1
0.001296000000	6.107945E-3	2.439754E-1
0.001298000000	6.107945E-3	2.866061E-1
0.001300000000	-1.005236E+0	2.439754E-1
0.001302000000	-9.209578E-1	2.439754E-1
0.001304000000	-9.209578E-1	2.013447E-1
0.001306000000	-8.788184E-1	2.439754E-1
0.001308000000	-8.788184E-1	2.439754E-1
0.001310000000	-9.209578E-1	2.439754E-1
0.001312000000	-9.630971E-1	2.439754E-1
0.001314000000	-9.209578E-1	2.439754E-1
0.001316000000	-8.788184E-1	2.439754E-1
0.001318000000	-8.788184E-1	2.866061E-1
0.001320000000	-9.209578E-1	2.439754E-1
0.001322000000	-9.209578E-1	2.439754E-1
0.001324000000	-9.209578E-1	2.439754E-1
0.001326000000	-9.630971E-1	2.439754E-1
0.001328000000	-9.209578E-1	2.866061E-1
0.001330000000	-9.209578E-1	2.866061E-1
0.001332000000	-8.788184E-1	3.292369E-1
0.001334000000	-9.630971E-1	2.866061E-1
0.001336000000	-9.209578E-1	2.866061E-1
0.001338000000	-9.209578E-1	3.292369E-1
0.001340000000	-9.209578E-1	3.718676E-1
0.001342000000	-9.209578E-1	4.571290E-1
0.001344000000	-9.209578E-1	4.571290E-1
0.001346000000	-9.209578E-1	5.423905E-1
0.001348000000	-9.630971E-1	5.423905E-1
0.001350000000	-9.630971E-1	6.702826E-1
0.001352000000	-9.209578E-1	7.555441E-1
0.001354000000	-9.209578E-1	8.834362E-1
0.001356000000	-9.209578E-1	9.686977E-1
0.001358000000	-9.209578E-1	1.011328E+0
0.001360000000	-9.630971E-1	1.139221E+0
0.001362000000	-9.209578E-1	1.224482E+0
0.001364000000	-9.209578E-1	1.352374E+0
0.001366000000	-9.209578E-1	1.480266E+0
0.001368000000	-9.209578E-1	1.565528E+0
0.001370000000	-9.630971E-1	1.608158E+0
0.001372000000	-9.209578E-1	1.650789E+0
0.001374000000	-9.209578E-1	1.693420E+0
0.001376000000	-9.209578E-1	1.736051E+0
0.001378000000	-9.209578E-1	1.821312E+0
0.001380000000	-9.209578E-1	1.778681E+0
0.001382000000	-9.209578E-1	1.778681E+0
0.001384000000	-9.209578E-1	1.736051E+0
0.001386000000	-9.630971E-1	1.736051E+0
0.001388000000	-8.788184E-1	1.736051E+0
0.001390000000	-9.209578E-1	1.693420E+0
0.001392000000	-8.788184E-1	1.650789E+0
0.001394000000	-9.209578E-1	1.608158E+0
0.001396000000	-9.209578E-1	1.608158E+0
0.001398000000	-9.209578E-1	1.608158E+0
0.001400000000	-8.788184E-1	1.608158E+0
0.001402000000	-8.788184E-1	1.650789E+0
0.001404000000	-8.788184E-1	1.650789E+0
0.001406000000	-9.209578E-1	1.650789E+0
0.001408000000	-9.209578E-1	1.608158E+0
0.001410000000	-9.209578E-1	1.650789E+0
0.001412000000	-9.209578E-1	1.693420E+0
0.001414000000	-8.788184E-1	1.736051E+0
0.001416000000	-9.209578E-1	1.778681E+0
0.001418000000	-9.209578E-1	1.736051E+0
0.001420000000	-9.209578E-1	1.736051E+0
0.001422000000	-9.209578E-1	1.736051E+0
0.001424000000	-9.209578E-1	1.778681E+0
0.001426000000	-9.209578E-1	1.821312E+0
0.001428000000	-9.209578E-1	1.778681E+0
0.001430000000	-9.209578E-1	1.736051E+0
0.001432000000	-9.630971E-1	1.736051E+0
0.001434000000	-9.209578E-1	1.693420E+0
0.001436000000	-8.788184E-1	1.736051E+0
0.001438000000	-8.788184E-1	1.736051E+0
0.001440000000	-8.788184E-1	1.693420E+0
0.001442000000	-9.209578E-1	1.650789E+0
0.001444000000	-9.630971E-1	1.650789E+0
0.001446000000	-9.630971E-1	1.650789E+0
0.001448000000	-8.788184E-1	1.650789E+0
0.001450000000	-8.788184E-1	1.736051E+0
0.001452000000	-9.209578E-1	1.736051E+0
0.001454000000	-9.209578E-1	1.693420E+0
0.001456000000	-9.209578E-1	1.693420E+0
0.001458000000	-9.209578E-1	1.693420E+0
0.001460000000	-9.209578E-1	1.736051E+0
0.001462000000	-8.788184E-1	1.778681E+0
0.001464000000	-9.209578E-1	1.736051E+0
0.001466000000	-9.209578E-1	1.736051E+0
0.001468000000	-9.209578E-1	1.736051E+0
0.001470000000	-9.630971E-1	1.693420E+0
0.001472000000	-9.209578E-1	1.693420E+0
0.001474000000	-8.788184E-1	1.778681E+0
0.001476000000	-9.209578E-1	1.736051E+0
0.001478000000	-9.209578E-1	1.693420E+0
0.001480000000	-9.209578E-1	1.693420E+0
0.001482000000	-9.209578E-1	1.650789E+0
0.001484000000	-9.209578E-1	1.693420E+0
0.001486000000	-9.209578E-1	1.736051E+0
0.001488000000	-9.209578E-1	1.693420E+0
0.001490000000	-9.209578E-1	1.650789E+0
0.001492000000	-9.630971E-1	1.650789E+0
0.001494000000	-9.209578E-1	1.650789E+0
0.001496000000	-9.209578E-1	1.693420E+0
0.001498000000	-8.788184E-1	1.736051E+0
0.001500000000	-9.209578E-1	1.736051E+0
0.001502000000	-9.209578E-1	1.736051E+0
0.001504000000	-9.630971E-1	1.736051E+0
0.001506000000	-9.209578E-1	1.736051E+0
0.001508000000	-9.209578E-1	1.736051E+0
0.001510000000	-8.788184E-1	1.736051E+0
0.001512000000	-9.209578E-1	1.736051E+0
0.001514000000	-9.209578E-1	1.736051E+0
0.001516000000	-9.209578E-1	1.693420E+0
0.001518000000	-9.209578E-1	1.693420E+0
0.001520000000	-9.209578E-1	1.736051E+0
0.001522000000	-9.209578E-1	1.736051E+0
0.001524000000	-9.209578E-1	1.736051E+0
0.001526000000	-9.209578E-1	1.693420E+0
0.001528000000	-9.630971E-1	1.650789E+0
0.001530000000	-9.209578E-1	1.650789E+0
0.001532000000	-8.788184E-1	1.693420E+0
0.001534000000	-8.788184E-1	1.736051E+0
0.001536000000	-8.788184E-1	1.736051E+0
0.001538000000	-8.788184E-1	1.693420E+0
0.001540000000	6.107945E-3	1.693420E+0
0.001542000000	-3.603141E-2	1.693420E+0
0.001544000000	6.107945E-3	1.736051E+0
0.001546000000	6.107945E-3	1.736051E+0
0.001548000000	6.107945E-3	1.736051E+0
0.001550000000	-3.603141E-2	1.736051E+0
0.001552000000	-3.603141E-2	1.736051E+0
0.001554000000	-3.603141E-2	1.693420E+0
0.001556000000	6.107945E-3	1.736051E+0
0.001558000000	6.107945E-3	1.736051E+0
0.001560000000	6.107945E-3	1.736051E+0
0.001562000000	-3.603141E-2	1.693420E+0
0.001564000000	-3.603141E-2	1.693420E+0
0.001566000000	6.107945E-3	1.693420E+0
0.001568000000	6.107945E-3	1.736051E+0
0.001570000000	-3.603141E-2	1.650789E+0
0.001572000000	-3.603141E-2	1.650789E+0
0.001574000000	-3.603141E-2	1.650789E+0
0.001576000000	6.107945E-3	1.650789E+0
0.001578000000	6.107945E-3	1.608158E+0
0.001580000000	-3.603141E-2	1.565528E+0
0.001582000000	-7.817076E-2	1.522897E+0
0.001584000000	-3.603141E-2	1.480266E+0
0.001586000000	-3.603141E-2	1.437636E+0
0.001588000000	6.107945E-3	1.352374E+0
0.001590000000	6.107945E-3	1.267113E+0
0.001592000000	-7.817076E-2	1.181851E+0
0.001594000000	-3.603141E-2	1.096590E+0
0.001596000000	6.107945E-3	1.011328E+0
0.001598000000	6.107945E-3	9.260670E-1
0.001600000000	-3.603141E-2	7.981748E-1
0.001602000000	-7.817076E-2	6.702826E-1
0.001604000000	-3.603141E-2	5.850212E-1
0.001606000000	6.107945E-3	4.997597E-1
0.001608000000	-3.603141E-2	4.144983E-1
0.001610000000	6.107945E-3	3.292369E-1
0.001612000000	6.107945E-3	2.439754E-1
0.001614000000	-3.603141E-2	2.013447E-1
0.001616000000	-3.603141E-2	2.013447E-1
0.001618000000	-3.603141E-2	2.013447E-1
0.001620000000	-3.603141E-2	1.587140E-1
0.001622000000	-3.603141E-2	1.587140E-1
0.001624000000	-3.603141E-2	1.587140E-1
0.001626000000	6.107945E-3	2.439754E-1
0.001628000000	6.107945E-3	2.439754E-1
0.001630000000	-3.603141E-2	2.439754E-1
0.001632000000	-3.603141E-2	2.866061E-1
0.001634000000	-3.603141E-2	3.292369E-1
0.001636000000	6.107945E-3	3.718676E-1
0.001638000000	6.107945E-3	3.718676E-1
0.001640000000	6.107945E-3	3.718676E-1
0.001642000000	-7.817076E-2	3.292369E-1
0.001644000000	-3.603141E-2	3.292369E-1
0.001646000000	6.107945E-3	3.292369E-1
0.001648000000	6.107945E-3	3.292369E-1
0.001650000000	6.107945E-3	2.866061E-1
0.001652000000	-7.817076E-2	2.439754E-1
0.001654000000	-3.603141E-2	2.439754E-1
0.001656000000	6.107945E-3	2.439754E-1
0.001658000000	6.107945E-3	2.439754E-1
0.001660000000	-3.603141E-2	2.013447E-1
0.001662000000	-3.603141E-2	1.587140E-1
0.001664000000	-3.603141E-2	2.013447E-1
0.001666000000	6.107945E-3	2.013447E-1
0.001668000000	6.107945E-3	2.439754E-1
0.001670000000	-3.603141E-2	2.439754E-1
0.001672000000	-3.603141E-2	2.439754E-1
0.001674000000	6.107945E-3	2.439754E-1
0.001676000000	-3.603141E-2	2.866061E-1
0.001678000000	6.107945E-3	2.866061E-1
0.001680000000	-3.603141E-2	2.866061E-1
0.001682000000	-3.603141E-2	2.866061E-1
0.001684000000	-3.603141E-2	2.439754E-1
0.001686000000	6.107945E-3	2.866061E-1
0.001688000000	6.107945E-3	2.866061E-1
0.001690000000	-3.603141E-2	2.866061E-1
0.001692000000	-3.603141E-2	2.439754E-1
0.001694000000	-3.603141E-2	2.439754E-1
0.001696000000	-3.603141E-2	2.439754E-1
0.001698000000	6.107945E-3	2.439754E-1
0.001700000000	-3.603141E-2	2.439754E-1
0.001702000000	-7.817076E-2	2.013447E-1
0.001704000000	6.107945E-3	2.439754E-1
0.001706000000	6.107945E-3	2.439754E-1
0.001708000000	-3.603141E-2	2.439754E-1
0.001710000000	-3.603141E-2	2.013447E-1
0.001712000000	-3.603141E-2	2.439754E-1
0.001714000000	-3.603141E-2	2.439754E-1
0.001716000000	6.107945E-3	2.866061E-1
0.001718000000	6.107945E-3	2.866061E-1
0.001720000000	6.107945E-3	2.866061E-1
0.001722000000	-3.603141E-2	2.439754E-1
0.001724000000	-3.603141E-2	2.866061E-1
0.001726000000	6.107945E-3	2.866061E-1
0.001728000000	6.107945E-3	2.866061E-1
0.001730000000	-3.603141E-2	2.439754E-1
0.001732000000	-3.603141E-2	2.439754E-1
0.001734000000	-3.603141E-2	2.439754E-1
0.001736000000	6.107945E-3	2.866061E-1
0.001738000000	6.107945E-3	2.439754E-1
0.001740000000	-3.603141E-2	2.439754E-1
0.001742000000	-7.817076E-2	2.439754E-1
0.001744000000	6.107945E-3	2.439754E-1
0.001746000000	6.107945E-3	2.439754E-1
0.001748000000	6.107945E-3	2.439754E-1
0.001750000000	-3.603141E-2	2.439754E-1
0.001752000000	-7.817076E-2	2.439754E-1
0.001754000000	-3.603141E-2	2.439754E-1
0.001756000000	-3.603141E-2	2.439754E-1
0.001758000000	-3.603141E-2	2.439754E-1
0.001760000000	-3.603141E-2	2.439754E-1
0.001762000000	-3.603141E-2	2.439754E-1
0.001764000000	6.107945E-3	2.439754E-1
0.001766000000	6.107945E-3	2.866061E-1
0.001768000000	6.107945E-3	2.866061E-1
0.001770000000	-3.603141E-2	2.439754E-1
0.001772000000	-3.603141E-2	2.439754E-1
0.001774000000	6.107945E-3	2.439754E-1
0.001776000000	6.107945E-3	2.439754E-1
0.001778000000	6.107945E-3	2.439754E-1
0.001780000000	-1.005236E+0	2.439754E-1
0.001782000000	-9.209578E-1	2.439754E-1
0.001784000000	-9.209578E-1	2.439754E-1
0.001786000000	-9.209578E-1	2.439754E-1
0.001788000000	-8.788184E-1	2.439754E-1
0.001790000000	-9.209578E-1	2.439754E-1
0.001792000000	-9.209578E-1	2.439754E-1
0.001794000000	-8.788184E-1	2.439754E-1
0.001796000000	-8.788184E-1	2.439754E-1
0.001798000000	-9.209578E-1	2.439754E-1
0.001800000000	-9.209578E-1	2.439754E-1
0.001802000000	-9.209578E-1	2.439754E-1
0.001804000000	-9.209578E-1	2.439754E-1
0.001806000000	-9.209578E-1	2.439754E-1
0.001808000000	-8.788184E-1	2.866061E-1
0.001810000000	-8.788184E-1	2.866061E-1
0.001812000000	-9.209578E-1	2.866061E-1
0.001814000000	-9.209578E-1	2.439754E-1
0.001816000000	-9.630971E-1	2.866061E-1
0.001818000000	-9.630971E-1	3.292369E-1
0.001820000000	-9.209578E-1	3.718676E-1
0.001822000000	-9.209578E-1	4.144983E-1
0.001824000000	-9.209578E-1	4.571290E-1
0.001826000000	-9.209578E-1	5.423905E-1
0.001828000000	-9.209578E-1	5.850212E-1
0.001830000000	-9.209578E-1	6.702826E-1
0.001832000000	-9.209578E-1	7.555441E-1
0.001834000000	-8.788184E-1	8.834362E-1
0.001836000000	-8.788184E-1	9.260670E-1
0.001838000000	-9.209578E-1	1.053959E+0
0.001840000000	-9.209578E-1	1.139221E+0
0.001842000000	-9.209578E-1	1.267113E+0
0.001844000000	-9.209578E-1	1.395005E+0
0.001846000000	-9.209578E-1	1.480266E+0
0.001848000000	-9.209578E-1	1.522897E+0
0.001850000000	-9.209578E-1	1.565528E+0
0.001852000000	-9.630971E-1	1.650789E+0
0.001854000000	-9.209578E-1	1.736051E+0
0.001856000000	-8.788184E-1	1.778681E+0
0.001858000000	-8.788184E-1	1.821312E+0
0.001860000000	-9.209578E-1	1.778681E+0
0.001862000000	-9.209578E-1	1.778681E+0
0.001864000000	-9.209578E-1	1.736051E+0
0.001866000000	-9.630971E-1	1.736051E+0
0.001868000000	-9.209578E-1	1.736051E+0
0.001870000000	-8.788184E-1	1.736051E+0
0.001872000000	-9.209578E-1	1.693420E+0
0.001874000000	-9.209578E-1	1.608158E+0
0.001876000000	-9.630971E-1	1.608158E+0
0.001878000000	-9.209578E-1	1.608158E+0
0.001880000000	-8.788184E-1	1.608158E+0
0.001882000000	-8.788184E-1	1.608158E+0
0.001884000000	-9.209578E-1	1.608158E+0
0.001886000000	-9.209578E-1	1.608158E+0
0.001888000000	-9.209578E-1	1.650789E+0
0.001890000000	-9.209578E-1	1.650789E+0
0.001892000000	-8.788184E-1	1.736051E+0
0.001894000000	-9.209578E-1	1.736051E+0
0.001896000000	-8.788184E-1	1.778681E+0
0.001898000000	-9.209578E-1	1.736051E+0
0.001900000000	-9.630971E-1	1.736051E+0
0.001902000000	-9.209578E-1	1.778681E+0
0.001904000000	-8.788184E-1	1.778681E+0
0.001906000000	-9.209578E-1	1.778681E+0
0.001908000000	-8.788184E-1	1.736051E+0
0.001910000000	-9.209578E-1	1.736051E+0
0.001912000000	-9.209578E-1	1.693420E+0
0.001914000000	-8.788184E-1	1.693420E+0
0.001916000000	-9.209578E-1	1.736051E+0
0.001918000000	-8.788184E-1	1.693420E+0
0.001920000000	-9.209578E-1	1.693420E+0
0.001922000000	-9.209578E-1	1.650789E+0
0.001924000000	-9.209578E-1	1.650789E+0
0.001926000000	-9.209578E-1	1.650789E+0
0.001928000000	-9.209578E-1	1.650789E+0
0.001930000000	-9.209578E-1	1.736051E+0
0.001932000000	-9.209578E-1	1.736051E+0
0.001934000000	-9.209578E-1	1.693420E+0
0.001936000000	-9.209578E-1	1.693420E+0
0.001938000000	-9.209578E-1	1.736051E+0
0.001940000000	-9.209578E-1	1.736051E+0
0.001942000000	-8.788184E-1	1.778681E+0
0.001944000000	-8.788184E-1	1.736051E+0
0.001946000000	-9.630971E-1	1.736051E+0
0.001948000000	-9.630971E-1	1.693420E+0
0.001950000000	-9.630971E-1	1.693420E+0
0.001952000000	-8.788184E-1	1.736051E+0
0.001954000000	-8.788184E-1	1.778681E+0
0.001956000000	-9.209578E-1	1.736051E+0
0.001958000000	-9.209578E-1	1.693420E+0
0.001960000000	-9.630971E-1	1.650789E+0
0.001962000000	-9.630971E-1	1.650789E+0
0.001964000000	-8.788184E-1	1.693420E+0
0.001966000000	-9.209578E-1	1.736051E+0
0.001968000000	-9.209578E-1	1.693420E+0
0.001970000000	-9.209578E-1	1.650789E+0
0.001972000000	-9.630971E-1	1.650789E+0
0.001974000000	-9.209578E-1	1.693420E+0
0.001976000000	-9.209578E-1	1.693420E+0
0.001978000000	-9.209578E-1	1.736051E+0
0.001980000000	-9.209578E-1	1.736051E+0
0.001982000000	-9.630971E-1	1.693420E+0
0.001984000000	-9.209578E-1	1.736051E+0
0.001986000000	-9.209578E-1	1.693420E+0
0.001988000000	-9.209578E-1	1.736051E+0
0.001990000000	-9.209578E-1	1.736051E+0
0.001992000000	-9.209578E-1	1.736051E+0
0.001994000000	-9.209578E-1	1.693420E+0
0.001996000000	-9.209578E-1	1.693420E+0
0.001998000000	-9.209578E-1	1.693420E+0
0.002000000000	-8.788184E-1	1.736051E+0
0.002002000000	-8.788184E-1	1.736051E+0
0.002004000000	-9.209578E-1	1.693420E+0
0.002006000000	-9.209578E-1	1.693420E+0
0.002008000000	-9.209578E-1	1.650789E+0
0.002010000000	-9.209578E-1	1.693420E+0
0.002012000000	-9.209578E-1	1.736051E+0
0.002014000000	-8.788184E-1	1.736051E+0
0.002016000000	-9.209578E-1	1.736051E+0
0.002018000000	-9.630971E-1	1.693420E+0
0.002020000000	6.107945E-3	1.693420E+0
0.002022000000	-3.603141E-2	1.693420E+0
0.002024000000	6.107945E-3	1.736051E+0
0.002026000000	6.107945E-3	1.736051E+0
0.002028000000	6.107945E-3	1.736051E+0
0.002030000000	-3.603141E-2	1.693420E+0
0.002032000000	-3.603141E-2	1.693420E+0
0.002034000000	-3.603141E-2	1.693420E+0
0.002036000000	-3.603141E-2	1.736051E+0
0.002038000000	6.107945E-3	1.778681E+0
0.002040000000	-3.603141E-2	1.693420E+0
0.002042000000	-3.603141E-2	1.693420E+0
0.002044000000	-3.603141E-2	1.693420E+0
0.002046000000	-3.603141E-2	1.693420E+0
0.002048000000	6.107945E-3	1.693420E+0
0.002050000000	-3.603141E-2	1.650789E+0
0.002052000000	6.107945E-3	1.650789E+0
0.002054000000	-3.603141E-2	1.650789E+0
0.002056000000	6.107945E-3	1.650789E+0
0.002058000000	6.107945E-3	1.608158E+0
0.002060000000	-3.603141E-2	1.565528E+0
0.002062000000	-3.603141E-2	1.522897E+0
0.002064000000	-3.603141E-2	1.480266E+0
0.002066000000	6.107945E-3	1.437636E+0
0.002068000000	6.107945E-3	1.395005E+0
0.002070000000	-3.603141E-2	1.267113E+0
0.002072000000	6.107945E-3	1.181851E+0
0.002074000000	6.107945E-3	1.096590E+0
0.002076000000	6.107945E-3	1.053959E+0
0.002078000000	6.107945E-3	9.260670E-1
0.002080000000	-3.603141E-2	7.981748E-1
0.002082000000	-3.603141E-2	6.702826E-1
0.002084000000	-3.603141E-2	5.850212E-1
0.002086000000	6.107945E-3	4.997597E-1
0.002088000000	-3.603141E-2	4.144983E-1
0.002090000000	-3.603141E-2	3.292369E-1
0.002092000000	-3.603141E-2	2.439754E-1
0.002094000000	6.107945E-3	2.439754E-1
0.002096000000	6.107945E-3	2.013447E-1
0.002098000000	6.107945E-3	1.587140E-1
0.002100000000	-3.603141E-2	1.587140E-1
0.002102000000	6.107945E-3	1.587140E-1
0.002104000000	-3.603141E-2	1.587140E-1
0.002106000000	6.107945E-3	2.439754E-1
0.002108000000	6.107945E-3	2.439754E-1
0.002110000000	-3.603141E-2	2.866061E-1
0.002112000000	-3.603141E-2	2.866061E-1
0.002114000000	6.107945E-3	3.292369E-1
0.002116000000	6.107945E-3	3.718676E-1
0.002118000000	6.107945E-3	3.718676E-1
0.002120000000	-3.603141E-2	3.718676E-1
0.002122000000	-3.603141E-2	3.292369E-1
0.002124000000	-3.603141E-2	3.292369E-1
0.002126000000	6.107945E-3	3.292369E-1
0.002128000000	6.107945E-3	3.292369E-1
0.002130000000	-7.817076E-2	2.866061E-1
0.002132000000	-3.603141E-2	2.439754E-1
0.002134000000	-3.603141E-2	2.439754E-1
0.002136000000	6.107945E-3	2.439754E-1
0.002138000000	-3.603141E-2	2.439754E-1
0.002140000000	-3.603141E-2	2.013447E-1
0.002142000000	-7.817076E-2	1.587140E-1
0.002144000000	-3.603141E-2	2.013447E-1
0.002146000000	6.107945E-3	2.013447E-1
0.002148000000	6.107945E-3	2.439754E-1
0.002150000000	-3.603141E-2	2.013447E-1
0.002152000000	-3.603141E-2	2.013447E-1
0.002154000000	6.107945E-3	2.439754E-1
0.002156000000	6.107945E-3	2.866061E-1
0.002158000000	6.107945E-3	2.866061E-1
0.002160000000	-3.603141E-2	2.439754E-1
0.002162000000	-3.603141E-2	2.439754E-1
0.002164000000	6.107945E-3	2.866061E-1
0.002166000000	6.107945E-3	3.292369E-1
0.002168000000	6.107945E-3	3.292369E-1
0.002170000000	-7.817076E-2	2.439754E-1
0.002172000000	-3.603141E-2	2.439754E-1
0.002174000000	-3.603141E-2	2.439754E-1
0.002176000000	6.107945E-3	2.866061E-1
0.002178000000	6.107945E-3	2.439754E-1
0.002180000000	-3.603141E-2	2.013447E-1
0.002182000000	-3.603141E-2	2.013447E-1
0.002184000000	-3.603141E-2	2.013447E-1
0.002186000000	6.107945E-3	2.439754E-1
0.002188000000	6.107945E-3	2.439754E-1
0.002190000000	-3.603141E-2	2.013447E-1
0.002192000000	-3.603141E-2	2.439754E-1
0.002194000000	-3.603141E-2	2.439754E-1
0.002196000000	6.107945E-3	2.439754E-1
0.002198000000	6.107945E-3	2.439754E-1
0.002200000000	-3.603141E-2	2.439754E-1
0.002202000000	6.107945E-3	2.439754E-1
0.002204000000	6.107945E-3	2.439754E-1
0.002206000000	6.107945E-3	2.866061E-1
0.002208000000	-3.603141E-2	2.866061E-1
0.002210000000	-3.603141E-2	2.866061E-1
0.002212000000	-3.603141E-2	2.439754E-1
0.002214000000	-3.603141E-2	2.439754E-1
0.002216000000	6.107945E-3	2.866061E-1
0.002218000000	6.107945E-3	2.439754E-1
0.002220000000	-3.603141E-2	2.439754E-1
0.002222000000	-7.817076E-2	2.439754E-1
0.002224000000	-3.603141E-2	2.439754E-1
0.002226000000	6.107945E-3	2.439754E-1
0.002228000000	6.107945E-3	2.439754E-1
0.002230000000	-3.603141E-2	2.439754E-1
0.002232000000	-3.603141E-2	2.013447E-1
0.002234000000	-3.603141E-2	2.439754E-1
0.002236000000	6.107945E-3	2.866061E-1
0.002238000000	6.107945E-3	2.439754E-1
0.002240000000	-3.603141E-2	2.439754E-1
0.002242000000	-7.817076E-2	2.439754E-1
0.002244000000	6.107945E-3	2.439754E-1
0.002246000000	6.107945E-3	2.866061E-1
0.002248000000	6.107945E-3	2.866061E-1
0.002250000000	-3.603141E-2	2.439754E-1
0.002252000000	-3.603141E-2	2.439754E-1
0.002254000000	6.107945E-3	2.439754E-1
0.002256000000	6.107945E-3	2.866061E-1
0.002258000000	6.107945E-3	2.866061E-1
0.002260000000	-1.005236E+0	2.439754E-1
0.002262000000	-9.209578E-1	2.439754E-1
0.002264000000	-8.788184E-1	2.439754E-1
0.002266000000	-8.788184E-1	2.439754E-1
0.002268000000	-9.209578E-1	2.439754E-1
0.002270000000	-9.209578E-1	2.439754E-1
0.002272000000	-9.209578E-1	2.013447E-1
0.002274000000	-8.788184E-1	2.439754E-1
0.002276000000	-8.788184E-1	2.439754E-1
0.002278000000	-8.788184E-1	2.439754E-1
0.002280000000	-9.209578E-1	2.439754E-1
0.002282000000	-9.209578E-1	2.439754E-1
0.002284000000	-9.209578E-1	2.439754E-1
0.002286000000	-8.788184E-1	2.866061E-1
0.002288000000	-8.788184E-1	2.866061E-1
0.002290000000	-8.788184E-1	2.866061E-1
0.002292000000	-9.209578E-1	2.866061E-1
0.002294000000	-9.209578E-1	2.439754E-1
0.002296000000	-9.209578E-1	2.866061E-1
0.002298000000	-9.209578E-1	3.718676E-1
0.002300000000	-8.788184E-1	4.144983E-1
0.002302000000	-9.209578E-1	4.571290E-1
0.002304000000	-9.209578E-1	4.997597E-1
0.002306000000	-9.209578E-1	4.997597E-1
0.002308000000	-9.630971E-1	5.850212E-1
0.002310000000	-9.630971E-1	6.702826E-1
0.002312000000	-8.788184E-1	7.555441E-1
0.002314000000	-9.209578E-1	8.834362E-1
0.002316000000	-9.209578E-1	9.260670E-1
0.002318000000	-9.630971E-1	1.053959E+0
0.002320000000	-9.630971E-1	1.139221E+0
0.002322000000	-9.209578E-1	1.267113E+0
0.002324000000	-8.788184E-1	1.395005E+0
0.002326000000	-9.209578E-1	1.480266E+0
0.002328000000	-9.209578E-1	1.522897E+0
0.002330000000	-9.630971E-1	1.608158E+0
0.002332000000	-9.209578E-1	1.650789E+0
0.002334000000	-9.209578E-1	1.736051E+0
0.002336000000	-8.788184E-1	1.778681E+0
0.002338000000	-9.209578E-1	1.821312E+0
0.002340000000	-9.209578E-1	1.778681E+0
0.002342000000	-9.209578E-1	1.778681E+0
0.002344000000	-9.630971E-1	1.778681E+0
0.002346000000	-9.209578E-1	1.778681E+0
0.002348000000	-9.209578E-1	1.736051E+0
0.002350000000	-9.209578E-1	1.736051E+0
0.002352000000	-9.209578E-1	1.650789E+0
0.002354000000	-9.630971E-1	1.608158E+0
0.002356000000	-9.209578E-1	1.608158E+0
0.002358000000	-9.209578E-1	1.608158E+0
0.002360000000	-8.788184E-1	1.650789E+0
0.002362000000	-8.788184E-1	1.650789E+0
0.002364000000	-9.209578E-1	1.608158E+0
0.002366000000	-9.209578E-1	1.608158E+0
0.002368000000	-9.630971E-1	1.608158E+0
0.002370000000	-9.630971E-1	1.693420E+0
0.002372000000	-9.209578E-1	1.693420E+0
0.002374000000	-9.209578E-1	1.736051E+0
0.002376000000	-9.630971E-1	1.736051E+0
0.002378000000	-9.209578E-1	1.736051E+0
0.002380000000	-9.630971E-1	1.736051E+0
0.002382000000	-9.209578E-1	1.736051E+0
0.002384000000	-8.788184E-1	1.778681E+0
0.002386000000	-9.209578E-1	1.778681E+0
0.002388000000	-9.209578E-1	1.736051E+0
0.002390000000	-9.630971E-1	1.736051E+0
0.002392000000	-9.209578E-1	1.693420E+0
0.002394000000	-9.209578E-1	1.693420E+0
0.002396000000	-9.209578E-1	1.693420E+0
0.002398000000	-8.788184E-1	1.693420E+0
0.002400000000	-9.209578E-1	1.650789E+0
0.002402000000	-9.209578E-1	1.650789E+0
0.002404000000	-9.630971E-1	1.650789E+0
0.002406000000	-9.209578E-1	1.650789E+0
0.002408000000	-8.788184E-1	1.693420E+0
0.002410000000	-8.788184E-1	1.736051E+0
0.002412000000	-9.630971E-1	1.693420E+0
0.002414000000	-9.209578E-1	1.693420E+0
0.002416000000	-9.209578E-1	1.693420E+0
0.002418000000	-9.209578E-1	1.693420E+0
0.002420000000	-8.788184E-1	1.778681E+0
0.002422000000	-9.209578E-1	1.778681E+0
0.002424000000	-9.209578E-1	1.736051E+0
0.002426000000	-9.209578E-1	1.736051E+0
0.002428000000	-9.630971E-1	1.736051E+0
0.002430000000	-9.209578E-1	1.736051E+0
0.002432000000	-8.788184E-1	1.736051E+0
0.002434000000	-9.209578E-1	1.736051E+0
0.002436000000	-9.209578E-1	1.693420E+0
0.002438000000	-9.630971E-1	1.693420E+0
0.002440000000	-9.209578E-1	1.650789E+0
0.002442000000	-9.209578E-1	1.693420E+0
0.002444000000	-8.788184E-1	1.693420E+0
0.002446000000	-8.788184E-1	1.736051E+0
0.002448000000	-8.788184E-1	1.650789E+0
0.002450000000	-9.209578E-1	1.650789E+0
0.002452000000	-9.630971E-1	1.650789E+0
0.002454000000	-9.209578E-1	1.693420E+0
0.002456000000	-8.788184E-1	1.736051E+0
0.002458000000	-8.788184E-1	1.736051E+0
0.002460000000	-9.209578E-1	1.736051E+0
0.002462000000	-9.209578E-1	1.736051E+0
0.002464000000	-9.630971E-1	1.736051E+0
0.002466000000	-9.209578E-1	1.736051E+0
0.002468000000	-9.209578E-1	1.736051E+0
0.002470000000	-9.209578E-1	1.778681E+0
0.002472000000	-9.209578E-1	1.736051E+0
0.002474000000	-9.209578E-1	1.736051E+0
0.002476000000	-9.630971E-1	1.693420E+0
0.002478000000	-8.788184E-1	1.736051E+0
0.002480000000	-9.209578E-1	1.736051E+0
0.002482000000	-8.788184E-1	1.736051E+0
0.002484000000	-9.209578E-1	1.693420E+0
0.002486000000	-9.209578E-1	1.693420E+0
0.002488000000	-9.209578E-1	1.693420E+0
0.002490000000	-9.209578E-1	1.650789E+0
0.002492000000	-8.788184E-1	1.736051E+0
0.002494000000	-8.788184E-1	1.736051E+0
0.002496000000	-9.209578E-1	1.693420E+0
0.002498000000	-9.630971E-1	1.693420E+0
0.002500000000	6.107945E-3	1.650789E+0
0.002502000000	-3.603141E-2	1.693420E+0
0.002504000000	6.107945E-3	1.736051E+0
0.002506000000	6.107945E-3	1.736051E+0
0.002508000000	-3.603141E-2	1.736051E+0
0.002510000000	-3.603141E-2	1.693420E+0
0.002512000000	-3.603141E-2	1.693420E+0
0.002514000000	6.107945E-3	1.736051E+0
0.002516000000	6.107945E-3	1.736051E+0
0.002518000000	6.107945E-3	1.736051E+0
0.002520000000	-3.603141E-2	1.693420E+0
0.002522000000	-3.603141E-2	1.693420E+0
0.002524000000	-3.603141E-2	1.693420E+0
0.002526000000	6.107945E-3	1.736051E+0
0.002528000000	6.107945E-3	1.736051E+0
0.002530000000	-3.603141E-2	1.650789E+0
0.002532000000	-3.603141E-2	1.650789E+0
0.002534000000	-3.603141E-2	1.650789E+0
0.002536000000	6.107945E-3	1.650789E+0
0.002538000000	-3.603141E-2	1.650789E+0
0.002540000000	-3.603141E-2	1.565528E+0
0.002542000000	-3.603141E-2	1.522897E+0
0.002544000000	6.107945E-3	1.480266E+0
0.002546000000	6.107945E-3	1.437636E+0
0.002548000000	6.107945E-3	1.395005E+0
0.002550000000	-3.603141E-2	1.267113E+0
0.002552000000	-3.603141E-2	1.181851E+0
0.002554000000	-3.603141E-2	1.096590E+0
0.002556000000	-3.603141E-2	1.011328E+0
0.002558000000	6.107945E-3	9.260670E-1
0.002560000000	-3.603141E-2	7.555441E-1
0.002562000000	-7.817076E-2	6.702826E-1
0.002564000000	6.107945E-3	5.850212E-1
0.002566000000	6.107945E-3	5.423905E-1
0.002568000000	6.107945E-3	4.144983E-1
0.002570000000	-7.817076E-2	3.292369E-1
0.002572000000	-3.603141E-2	2.439754E-1
0.002574000000	-3.603141E-2	2.439754E-1
0.002576000000	6.107945E-3	2.013447E-1
0.002578000000	6.107945E-3	1.587140E-1
0.002580000000	-3.603141E-2	1.587140E-1
0.002582000000	-3.603141E-2	1.587140E-1
0.002584000000	6.107945E-3	2.013447E-1
0.002586000000	6.107945E-3	2.439754E-1
0.002588000000	6.107945E-3	2.439754E-1
0.002590000000	-3.603141E-2	2.439754E-1
0.002592000000	6.107945E-3	2.439754E-1
0.002594000000	6.107945E-3	3.292369E-1
0.002596000000	6.107945E-3	3.718676E-1
0.002598000000	6.107945E-3	3.718676E-1
0.002600000000	-3.603141E-2	3.292369E-1
0.002602000000	-3.603141E-2	3.292369E-1
0.002604000000	-3.603141E-2	3.718676E-1
0.002606000000	6.107945E-3	3.292369E-1
0.002608000000	6.107945E-3	2.866061E-1
0.002610000000	-3.603141E-2	2.866061E-1
0.002612000000	-3.603141E-2	2.439754E-1
0.002614000000	6.107945E-3	2.439754E-1
0.002616000000	-3.603141E-2	2.439754E-1
0.002618000000	-3.603141E-2	2.013447E-1
0.002620000000	-3.603141E-2	2.013447E-1
0.002622000000	-3.603141E-2	1.587140E-1
0.002624000000	-3.603141E-2	2.013447E-1
0.002626000000	6.107945E-3	2.013447E-1
0.002628000000	6.107945E-3	2.013447E-1
0.002630000000	-3.603141E-2	2.013447E-1
0.002632000000	-3.603141E-2	2.013447E-1
0.002634000000	6.107945E-3	2.439754E-1
0.002636000000	6.107945E-3	2.866061E-1
0.002638000000	-3.603141E-2	2.866061E-1
0.002640000000	6.107945E-3	2.439754E-1
0.002642000000	6.107945E-3	2.866061E-1
0.002644000000	6.107945E-3	2.866061E-1
0.002646000000	6.107945E-3	3.292369E-1
0.002648000000	6.107945E-3	2.439754E-1
0.002650000000	-3.603141E-2	2.439754E-1
0.002652000000	-3.603141E-2	2.439754E-1
0.002654000000	-3.603141E-2	2.439754E-1
0.002656000000	6.107945E-3	2.439754E-1
0.002658000000	6.107945E-3	2.439754E-1
0.002660000000	-3.603141E-2	2.013447E-1
0.002662000000	-3.603141E-2	2.013447E-1
0.002664000000	-3.603141E-2	2.013447E-1
0.002666000000	6.107945E-3	2.439754E-1
0.002668000000	-7.817076E-2	2.439754E-1
0.002670000000	-3.603141E-2	2.013447E-1
0.002672000000	-7.817076E-2	2.013447E-1
0.002674000000	-3.603141E-2	2.439754E-1
0.002676000000	6.107945E-3	2.439754E-1
0.002678000000	-3.603141E-2	2.439754E-1
0.002680000000	-3.603141E-2	2.439754E-1
0.002682000000	-3.603141E-2	2.439754E-1
0.002684000000	6.107945E-3	2.866061E-1
0.002686000000	6.107945E-3	2.866061E-1
0.002688000000	6.107945E-3	2.439754E-1
0.002690000000	-3.603141E-2	2.439754E-1
0.002692000000	-3.603141E-2	2.439754E-1
0.002694000000	6.107945E-3	2.439754E-1
0.002696000000	-3.603141E-2	2.439754E-1
0.002698000000	-3.603141E-2	2.439754E-1
0.002700000000	-3.603141E-2	2.439754E-1
0.002702000000	6.107945E-3	2.013447E-1
0.002704000000	-3.603141E-2	2.439754E-1
0.002706000000	6.107945E-3	2.439754E-1
0.002708000000	-3.603141E-2	2.439754E-1
0.002710000000	-3.603141E-2	2.439754E-1
0.002712000000	-3.603141E-2	2.439754E-1
0.002714000000	6.107945E-3	2.866061E-1
0.002716000000	6.107945E-3	2.439754E-1
0.002718000000	-3.603141E-2	2.439754E-1
0.002720000000	-7.817076E-2	2.439754E-1
0.002722000000	-3.603141E-2	2.439754E-1
0.002724000000	6.107945E-3	2.866061E-1
0.002726000000	6.107945E-3	2.866061E-1
0.002728000000	6.107945E-3	2.439754E-1
0.002730000000	-3.603141E-2	2.439754E-1
0.002732000000	-3.603141E-2	2.439754E-1
0.002734000000	6.107945E-3	2.439754E-1
0.002736000000	6.107945E-3	2.866061E-1
0.002738000000	6.107945E-3	2.439754E-1
0.002740000000	-1.005236E+0	2.439754E-1
0.002742000000	-9.630971E-1	2.013447E-1
0.002744000000	-9.209578E-1	2.439754E-1
0.002746000000	-8.788184E-1	2.439754E-1
0.002748000000	-8.788184E-1	2.439754E-1
0.002750000000	-9.209578E-1	2.013447E-1
0.002752000000	-9.209578E-1	2.439754E-1
0.002754000000	-9.209578E-1	2.439754E-1
0.002756000000	-9.209578E-1	2.439754E-1
0.002758000000	-9.209578E-1	2.439754E-1
0.002760000000	-9.209578E-1	2.439754E-1
0.002762000000	-9.209578E-1	2.439754E-1
0.002764000000	-9.209578E-1	2.439754E-1
0.002766000000	-9.209578E-1	2.866061E-1
0.002768000000	-9.209578E-1	2.866061E-1
0.002770000000	-9.209578E-1	2.866061E-1
0.002772000000	-9.630971E-1	2.439754E-1
0.002774000000	-9.209578E-1	2.866061E-1
0.002776000000	-9.209578E-1	3.292369E-1
0.002778000000	-8.788184E-1	3.718676E-1
0.002780000000	-8.788184E-1	4.144983E-1
0.002782000000	-9.209578E-1	4.144983E-1
0.002784000000	-9.209578E-1	4.571290E-1
0.002786000000	-9.630971E-1	4.997597E-1
0.002788000000	-9.209578E-1	5.850212E-1
0.002790000000	-9.209578E-1	6.702826E-1
0.002792000000	-8.788184E-1	7.555441E-1
0.002794000000	-8.788184E-1	8.834362E-1
0.002796000000	-9.630971E-1	9.260670E-1
0.002798000000	-9.630971E-1	1.011328E+0
0.002800000000	-9.630971E-1	1.139221E+0
0.002802000000	-9.209578E-1	1.267113E+0
0.002804000000	-8.788184E-1	1.395005E+0
0.002806000000	-9.209578E-1	1.480266E+0
0.002808000000	-9.209578E-1	1.522897E+0
0.002810000000	-9.209578E-1	1.565528E+0
0.002812000000	-9.209578E-1	1.693420E+0
0.002814000000	-8.788184E-1	1.736051E+0
0.002816000000	-9.209578E-1	1.778681E+0
0.002818000000	-9.209578E-1	1.778681E+0
0.002820000000	-9.630971E-1	1.778681E+0
0.002822000000	-9.630971E-1	1.778681E+0
0.002824000000	-9.209578E-1	1.778681E+0
0.002826000000	-9.209578E-1	1.778681E+0
0.002828000000	-8.788184E-1	1.736051E+0
0.002830000000	-9.209578E-1	1.736051E+0
0.002832000000	-9.630971E-1	1.650789E+0
0.002834000000	-9.209578E-1	1.608158E+0
0.002836000000	-9.630971E-1	1.608158E+0
0.002838000000	-9.209578E-1	1.608158E+0
0.002840000000	-9.209578E-1	1.608158E+0
0.002842000000	-8.788184E-1	1.608158E+0
0.002844000000	-9.209578E-1	1.608158E+0
0.002846000000	-9.630971E-1	1.608158E+0
0.002848000000	-9.209578E-1	1.608158E+0
0.002850000000	-9.209578E-1	1.650789E+0
0.002852000000	-9.209578E-1	1.736051E+0
0.002854000000	-9.209578E-1	1.736051E+0
0.002856000000	-9.209578E-1	1.736051E+0
0.002858000000	-9.630971E-1	1.736051E+0
0.002860000000	-9.209578E-1	1.736051E+0
0.002862000000	-9.209578E-1	1.778681E+0
0.002864000000	-9.209578E-1	1.821312E+0
0.002866000000	-9.209578E-1	1.778681E+0
0.002868000000	-9.209578E-1	1.778681E+0
0.002870000000	-9.630971E-1	1.736051E+0
0.002872000000	-9.209578E-1	1.693420E+0
0.002874000000	-9.209578E-1	1.736051E+0
0.002876000000	-8.788184E-1	1.736051E+0
0.002878000000	-8.788184E-1	1.693420E+0
0.002880000000	-9.209578E-1	1.650789E+0
0.002882000000	-9.209578E-1	1.608158E+0
0.002884000000	-9.630971E-1	1.650789E+0
0.002886000000	-9.209578E-1	1.650789E+0
0.002888000000	-9.209578E-1	1.693420E+0
0.002890000000	-8.788184E-1	1.693420E+0
0.002892000000	-9.209578E-1	1.650789E+0
0.002894000000	-9.209578E-1	1.650789E+0
0.002896000000	-9.209578E-1	1.693420E+0
0.002898000000	-9.209578E-1	1.736051E+0
0.002900000000	-8.788184E-1	1.736051E+0
0.002902000000	-8.788184E-1	1.778681E+0
0.002904000000	-9.209578E-1	1.736051E+0
0.002906000000	-9.630971E-1	1.736051E+0
0.002908000000	-9.209578E-1	1.736051E+0
0.002910000000	-8.788184E-1	1.736051E+0
0.002912000000	-9.209578E-1	1.736051E+0
0.002914000000	-9.209578E-1	1.736051E+0
0.002916000000	-8.788184E-1	1.736051E+0
0.002918000000	-9.209578E-1	1.693420E+0
0.002920000000	-9.209578E-1	1.693420E+0
0.002922000000	-9.209578E-1	1.693420E+0
0.002924000000	-8.788184E-1	1.736051E+0
0.002926000000	-9.209578E-1	1.736051E+0
0.002928000000	-9.209578E-1	1.650789E+0
0.002930000000	-9.209578E-1	1.650789E+0
0.002932000000	-9.209578E-1	1.693420E+0
0.002934000000	-9.209578E-1	1.736051E+0
0.002936000000	-8.788184E-1	1.736051E+0
0.002938000000	-8.788184E-1	1.736051E+0
0.002940000000	-9.630971E-1	1.693420E+0
0.002942000000	-9.630971E-1	1.693420E+0
0.002944000000	-9.209578E-1	1.736051E+0
0.002946000000	-8.788184E-1	1.736051E+0
0.002948000000	-8.788184E-1	1.778681E+0
0.002950000000	-9.209578E-1	1.736051E+0
0.002952000000	-9.630971E-1	1.736051E+0
0.002954000000	-9.630971E-1	1.693420E+0
0.002956000000	-9.630971E-1	1.693420E+0
0.002958000000	-9.209578E-1	1.693420E+0
0.002960000000	-9.209578E-1	1.736051E+0
0.002962000000	-8.788184E-1	1.736051E+0
0.002964000000	-9.630971E-1	1.693420E+0
0.002966000000	-9.630971E-1	1.650789E+0
0.002968000000	-9.209578E-1	1.650789E+0
0.002970000000	-8.788184E-1	1.693420E+0
0.002972000000	-9.209578E-1	1.736051E+0
0.002974000000	-9.209578E-1	1.736051E+0
0.002976000000	-9.209578E-1	1.693420E+0
0.002978000000	-9.630971E-1	1.650789E+0
0.002980000000	6.107945E-3	1.650789E+0
0.002982000000	6.107945E-3	1.693420E+0
0.002984000000	6.107945E-3	1.736051E+0
0.002986000000	6.107945E-3	1.778681E+0
0.002988000000	-3.603141E-2	1.693420E+0
0.002990000000	-3.603141E-2	1.693420E+0
0.002992000000	-3.603141E-2	1.693420E+0
0.002994000000	-3.603141E-2	1.736051E+0
0.002996000000	6.107945E-3	1.736051E+0
0.002998000000	-3.603141E-2	1.736051E+0
0.003000000000	-3.603141E-2	1.693420E+0
0.003002000000	-3.603141E-2	1.693420E+0
0.003004000000	6.107945E-3	1.693420E+0
0.003006000000	-3.603141E-2	1.736051E+0
0.003008000000	-3.603141E-2	1.693420E+0
0.003010000000	-3.603141E-2	1.693420E+0
0.003012000000	-3.603141E-2	1.650789E+0
0.003014000000	-3.603141E-2	1.650789E+0
0.003016000000	6.107945E-3	1.650789E+0
0.003018000000	-3.603141E-2	1.650789E+0
0.003020000000	-3.603141E-2	1.565528E+0
0.003022000000	-3.603141E-2	1.522897E+0
0.003024000000	-3.603141E-2	1.480266E+0
0.003026000000	6.107945E-3	1.480266E+0
0.003028000000	-3.603141E-2	1.395005E+0
0.003030000000	-3.603141E-2	1.267113E+0
0.003032000000	-3.603141E-2	1.181851E+0
0.003034000000	6.107945E-3	1.139221E+0
0.003036000000	6.107945E-3	1.053959E+0
0.003038000000	6.107945E-3	8.834362E-1
0.003040000000	-3.603141E-2	7.981748E-1
0.003042000000	-3.603141E-2	6.702826E-1
0.003044000000	6.107945E-3	6.276519E-1
0.003046000000	6.107945E-3	4.997597E-1
0.003048000000	-3.603141E-2	4.144983E-1
0.003050000000	-3.603141E-2	2.866061E-1
0.003052000000	-3.603141E-2	2.439754E-1
0.003054000000	6.107945E-3	2.439754E-1
0.003056000000	6.107945E-3	2.013447E-1
0.003058000000	6.107945E-3	1.587140E-1
0.003060000000	-7.817076E-2	1.587140E-1
0.003062000000	-3.603141E-2	1.160833E-1
0.003064000000	-3.603141E-2	2.013447E-1
0.003066000000	6.107945E-3	2.439754E-1
0.003068000000	6.107945E-3	2.439754E-1
0.003070000000	-3.603141E-2	2.439754E-1
0.003072000000	-3.603141E-2	2.866061E-1
0.003074000000	-3.603141E-2	3.292369E-1
0.003076000000	6.107945E-3	3.718676E-1
0.003078000000	-3.603141E-2	3.292369E-1
0.003080000000	-3.603141E-2	3.292369E-1
0.003082000000	-3.603141E-2	3.292369E-1
0.003084000000	6.107945E-3	3.292369E-1
0.003086000000	6.107945E-3	3.718676E-1
0.003088000000	6.107945E-3	3.292369E-1
0.003090000000	-3.603141E-2	2.866061E-1
0.003092000000	-3.603141E-2	2.439754E-1
0.003094000000	6.107945E-3	2.439754E-1
0.003096000000	6.107945E-3	2.439754E-1
0.003098000000	-3.603141E-2	2.013447E-1
0.003100000000	-3.603141E-2	2.013447E-1
0.003102000000	-3.603141E-2	1.587140E-1
0.003104000000	6.107945E-3	2.013447E-1
0.003106000000	6.107945E-3	2.013447E-1
0.003108000000	6.107945E-3	2.013447E-1
0.003110000000	-3.603141E-2	2.013447E-1
0.003112000000	6.107945E-3	2.013447E-1
0.003114000000	6.107945E-3	2.866061E-1
0.003116000000	6.107945E-3	2.866061E-1
0.003118000000	-3.603141E-2	2.439754E-1
0.003120000000	-3.603141E-2	2.439754E-1
0.003122000000	-3.603141E-2	2.439754E-1
0.003124000000	6.107945E-3	2.866061E-1
0.003126000000	6.107945E-3	3.292369E-1
0.003128000000	6.107945E-3	2.866061E-1
0.003130000000	-3.603141E-2	2.439754E-1
0.003132000000	-3.603141E-2	2.439754E-1
0.003134000000	6.107945E-3	2.866061E-1
0.003136000000	6.107945E-3	2.439754E-1
0.003138000000	-3.603141E-2	2.439754E-1
0.003140000000	-3.603141E-2	2.013447E-1
0.003142000000	-3.603141E-2	2.013447E-1
0.003144000000	6.107945E-3	2.439754E-1
0.003146000000	6.107945E-3	2.439754E-1
0.003148000000	-3.603141E-2	2.013447E-1
0.003150000000	-3.603141E-2	1.587140E-1
0.003152000000	-3.603141E-2	2.439754E-1
0.003154000000	6.107945E-3	2.439754E-1
0.003156000000	6.107945E-3	2.866061E-1
0.003158000000	-3.603141E-2	2.439754E-1
0.003160000000	-3.603141E-2	2.439754E-1
0.003162000000	-3.603141E-2	2.439754E-1
0.003164000000	6.107945E-3	2.866061E-1
0.003166000000	6.107945E-3	2.866061E-1
0.003168000000	-7.817076E-2	2.866061E-1
0.003170000000	-3.603141E-2	2.439754E-1
0.003172000000	6.107945E-3	2.439754E-1
0.003174000000	6.107945E-3	2.439754E-1
0.003176000000	6.107945E-3	2.439754E-1
0.003178000000	-3.603141E-2	2.439754E-1
0.003180000000	-7.817076E-2	2.013447E-1
0.003182000000	6.107945E-3	2.439754E-1
0.003184000000	6.107945E-3	2.439754E-1
0.003186000000	6.107945E-3	2.439754E-1
0.003188000000	-3.603141E-2	2.439754E-1
0.003190000000	-3.603141E-2	2.013447E-1
0.003192000000	-3.603141E-2	2.439754E-1
0.003194000000	6.107945E-3	2.439754E-1
0.003196000000	6.107945E-3	2.866061E-1
0.003198000000	-3.603141E-2	2.439754E-1
0.003200000000	-3.603141E-2	2.439754E-1
0.003202000000	-3.603141E-2	2.439754E-1
0.003204000000	6.107945E-3	2.866061E-1
0.003206000000	-3.603141E-2	2.439754E-1
0.003208000000	-3.603141E-2	2.439754E-1
0.003210000000	-3.603141E-2	2.439754E-1
0.003212000000	6.107945E-3	2.439754E-1
0.003214000000	6.107945E-3	2.439754E-1
0.003216000000	6.107945E-3	2.866061E-1
0.003218000000	-3.603141E-2	2.439754E-1
0.003220000000	-1.005236E+0	2.439754E-1
0.003222000000	-8.788184E-1	2.439754E-1
0.003224000000	-8.788184E-1	2.439754E-1
0.003226000000	-8.788184E-1	2.866061E-1
0.003228000000	-9.209578E-1	2.439754E-1
0.003230000000	-9.630971E-1	2.013447E-1
0.003232000000	-9.209578E-1	2.439754E-1
0.003234000000	-8.788184E-1	2.439754E-1
0.003236000000	-8.788184E-1	2.866061E-1
0.003238000000	-8.788184E-1	2.439754E-1
0.003240000000	-9.209578E-1	2.439754E-1
0.003242000000	-9.209578E-1	2.439754E-1
0.003244000000	-9.209578E-1	2.439754E-1
0.003246000000	-8.788184E-1	2.866061E-1
0.003248000000	-9.209578E-1	2.866061E-1
0.003250000000	-9.209578E-1	2.866061E-1
0.003252000000	-9.209578E-1	2.439754E-1
0.003254000000	-9.209578E-1	2.866061E-1
0.003256000000	-9.209578E-1	3.292369E-1
0.003258000000	-9.209578E-1	3.718676E-1
0.003260000000	-8.788184E-1	4.144983E-1
0.003262000000	-9.209578E-1	4.144983E-1
0.003264000000	-9.209578E-1	4.571290E-1
0.003266000000	-9.630971E-1	4.997597E-1
0.003268000000	-9.209578E-1	5.850212E-1
0.003270000000	-8.788184E-1	6.702826E-1
0.003272000000	-9.209578E-1	7.555441E-1
0.003274000000	-8.788184E-1	8.408055E-1
0.003276000000	-9.630971E-1	9.260670E-1
0.003278000000	-9.209578E-1	1.011328E+0
0.003280000000	-9.209578E-1	1.181851E+0
0.003282000000	-9.209578E-1	1.267113E+0
0.003284000000	-8.788184E-1	1.395005E+0
0.003286000000	-9.209578E-1	1.437636E+0
0.003288000000	-9.209578E-1	1.522897E+0
0.003290000000	-9.630971E-1	1.608158E+0
0.003292000000	-9.209578E-1	1.650789E+0
0.003294000000	-8.788184E-1	1.736051E+0
0.003296000000	-8.788184E-1	1.778681E+0
0.003298000000	-9.630971E-1	1.821312E+0
0.003300000000	-9.630971E-1	1.778681E+0
0.003302000000	-9.209578E-1	1.778681E+0
0.003304000000	-9.209578E-1	1.778681E+0
0.003306000000	-9.209578E-1	1.778681E+0
0.003308000000	-8.788184E-1	1.736051E+0
0.003310000000	-9.209578E-1	1.693420E+0
0.003312000000	-9.209578E-1	1.650789E+0
0.003314000000	-9.209578E-1	1.608158E+0
0.003316000000	-9.209578E-1	1.608158E+0
0.003318000000	-9.209578E-1	1.608158E+0
0.003320000000	-8.788184E-1	1.650789E+0
0.003322000000	-9.209578E-1	1.608158E+0
0.003324000000	-9.209578E-1	1.608158E+0
0.003326000000	-9.630971E-1	1.608158E+0
0.003328000000	-9.209578E-1	1.650789E+0
0.003330000000	-9.209578E-1	1.650789E+0
0.003332000000	-9.209578E-1	1.736051E+0
0.003334000000	-9.209578E-1	1.736051E+0
0.003336000000	-9.209578E-1	1.736051E+0
0.003338000000	-9.209578E-1	1.736051E+0
0.003340000000	-9.630971E-1	1.736051E+0
0.003342000000	-9.209578E-1	1.778681E+0
0.003344000000	-9.209578E-1	1.778681E+0
0.003346000000	-9.209578E-1	1.778681E+0
0.003348000000	-9.209578E-1	1.736051E+0
0.003350000000	-9.630971E-1	1.736051E+0
0.003352000000	-9.209578E-1	1.736051E+0
0.003354000000	-9.209578E-1	1.736051E+0
0.003356000000	-8.788184E-1	1.736051E+0
0.003358000000	-9.209578E-1	1.693420E+0
0.003360000000	-9.630971E-1	1.650789E+0
0.003362000000	-9.630971E-1	1.650789E+0
0.003364000000	-9.209578E-1	1.650789E+0
0.003366000000	-9.209578E-1	1.693420E+0
0.003368000000	-8.788184E-1	1.736051E+0
0.003370000000	-9.209578E-1	1.693420E+0
0.003372000000	-9.209578E-1	1.650789E+0
0.003374000000	-9.630971E-1	1.650789E+0
0.003376000000	-9.209578E-1	1.736051E+0
0.003378000000	-8.788184E-1	1.736051E+0
0.003380000000	-8.788184E-1	1.778681E+0
0.003382000000	-9.209578E-1	1.778681E+0
0.003384000000	-9.630971E-1	1.736051E+0
0.003386000000	-9.630971E-1	1.736051E+0
0.003388000000	-9.209578E-1	1.736051E+0
0.003390000000	-9.209578E-1	1.778681E+0
0.003392000000	-8.788184E-1	1.778681E+0
0.003394000000	-9.209578E-1	1.736051E+0
0.003396000000	-9.209578E-1	1.693420E+0
0.003398000000	-9.630971E-1	1.693420E+0
0.003400000000	-9.209578E-1	1.693420E+0
0.003402000000	-8.788184E-1	1.693420E+0
0.003404000000	-8.788184E-1	1.736051E+0
0.003406000000	-9.209578E-1	1.736051E+0
0.003408000000	-9.630971E-1	1.650789E+0
0.003410000000	-9.209578E-1	1.650789E+0
0.003412000000	-9.209578E-1	1.693420E+0
0.003414000000	-9.209578E-1	1.736051E+0
0.003416000000	-8.788184E-1	1.736051E+0
0.003418000000	-8.788184E-1	1.736051E+0
0.003420000000	-9.209578E-1	1.693420E+0
0.003422000000	-9.209578E-1	1.693420E+0
0.003424000000	-9.630971E-1	1.693420E+0
0.003426000000	-9.209578E-1	1.736051E+0
0.003428000000	-9.209578E-1	1.736051E+0
0.003430000000	-8.788184E-1	1.736051E+0
0.003432000000	-9.630971E-1	1.736051E+0
0.003434000000	-9.209578E-1	1.693420E+0
0.003436000000	-9.209578E-1	1.693420E+0
0.003438000000	-9.209578E-1	1.693420E+0
0.003440000000	-8.788184E-1	1.736051E+0
0.003442000000	-9.209578E-1	1.736051E+0
0.003444000000	-9.630971E-1	1.693420E+0
0.003446000000	-9.209578E-1	1.650789E+0
0.003448000000	-9.209578E-1	1.650789E+0
0.003450000000	-9.209578E-1	1.693420E+0
0.003452000000	-8.788184E-1	1.736051E+0
0.003454000000	-8.788184E-1	1.693420E+0
0.003456000000	-9.209578E-1	1.693420E+0
0.003458000000	-9.209578E-1	1.650789E+0
0.003460000000	6.107945E-3	1.693420E+0
0.003462000000	6.107945E-3	1.736051E+0
0.003464000000	6.107945E-3	1.736051E+0
0.003466000000	6.107945E-3	1.736051E+0
0.003468000000	-3.603141E-2	1.693420E+0
0.003470000000	-7.817076E-2	1.693420E+0
0.003472000000	6.107945E-3	1.736051E+0
0.003474000000	6.107945E-3	1.736051E+0
0.003476000000	6.107945E-3	1.736051E+0
0.003478000000	-3.603141E-2	1.736051E+0
0.003480000000	-3.603141E-2	1.693420E+0
0.003482000000	6.107945E-3	1.693420E+0
0.003484000000	6.107945E-3	1.736051E+0
0.003486000000	6.107945E-3	1.736051E+0
0.003488000000	-3.603141E-2	1.693420E+0
0.003490000000	-3.603141E-2	1.650789E+0
0.003492000000	-3.603141E-2	1.650789E+0
0.003494000000	6.107945E-3	1.650789E+0
0.003496000000	6.107945E-3	1.650789E+0
0.003498000000	6.107945E-3	1.608158E+0
0.003500000000	-3.603141E-2	1.565528E+0
0.003502000000	6.107945E-3	1.522897E+0
0.003504000000	6.107945E-3	1.522897E+0
0.003506000000	6.107945E-3	1.437636E+0
0.003508000000	-3.603141E-2	1.352374E+0
0.003510000000	-3.603141E-2	1.267113E+0
0.003512000000	-3.603141E-2	1.181851E+0
0.003514000000	6.107945E-3	1.096590E+0
0.003516000000	6.107945E-3	1.053959E+0
0.003518000000	-3.603141E-2	8.834362E-1
0.003520000000	-3.603141E-2	7.555441E-1
0.003522000000	-3.603141E-2	6.702826E-1
0.003524000000	6.107945E-3	5.850212E-1
0.003526000000	6.107945E-3	4.997597E-1
0.003528000000	-3.603141E-2	4.144983E-1
0.003530000000	-3.603141E-2	2.866061E-1
0.003532000000	-3.603141E-2	2.439754E-1
0.003534000000	-3.603141E-2	2.439754E-1
0.003536000000	6.107945E-3	2.013447E-1
0.003538000000	-3.603141E-2	1.587140E-1
0.003540000000	-3.603141E-2	1.160833E-1
0.003542000000	-7.817076E-2	1.587140E-1
0.003544000000	-3.603141E-2	2.013447E-1
0.003546000000	6.107945E-3	2.439754E-1
0.003548000000	-3.603141E-2	2.013447E-1
0.003550000000	-3.603141E-2	2.439754E-1
0.003552000000	-3.603141E-2	2.866061E-1
0.003554000000	6.107945E-3	3.292369E-1
0.003556000000	-3.603141E-2	3.718676E-1
0.003558000000	-3.603141E-2	3.718676E-1
0.003560000000	-3.603141E-2	3.718676E-1
0.003562000000	-3.603141E-2	3.718676E-1
0.003564000000	6.107945E-3	3.292369E-1
0.003566000000	-3.603141E-2	3.718676E-1
0.003568000000	-3.603141E-2	3.292369E-1
0.003570000000	-3.603141E-2	2.439754E-1
0.003572000000	-3.603141E-2	2.439754E-1
0.003574000000	-3.603141E-2	2.439754E-1
0.003576000000	6.107945E-3	2.439754E-1
0.003578000000	-3.603141E-2	2.013447E-1
0.003580000000	-3.603141E-2	2.013447E-1
0.003582000000	-3.603141E-2	2.013447E-1
0.003584000000	6.107945E-3	2.013447E-1
0.003586000000	6.107945E-3	2.013447E-1
0.003588000000	-3.603141E-2	2.013447E-1
0.003590000000	-3.603141E-2	2.013447E-1
0.003592000000	-3.603141E-2	2.439754E-1
0.003594000000	6.107945E-3	2.866061E-1
0.003596000000	-3.603141E-2	2.866061E-1
0.003598000000	-3.603141E-2	2.866061E-1
0.003600000000	-3.603141E-2	2.866061E-1
0.003602000000	-3.603141E-2	2.866061E-1
0.003604000000	6.107945E-3	3.292369E-1
0.003606000000	6.107945E-3	2.866061E-1
0.003608000000	6.107945E-3	2.866061E-1
0.003610000000	-3.603141E-2	2.866061E-1
0.003612000000	-3.603141E-2	2.439754E-1
0.003614000000	6.107945E-3	2.866061E-1
0.003616000000	6.107945E-3	2.866061E-1
0.003618000000	-7.817076E-2	2.439754E-1
0.003620000000	-3.603141E-2	2.013447E-1
0.003622000000	-3.603141E-2	2.439754E-1
0.003624000000	-3.603141E-2	2.439754E-1
0.003626000000	6.107945E-3	2.439754E-1
0.003628000000	-3.603141E-2	2.439754E-1
0.003630000000	-7.817076E-2	2.439754E-1
0.003632000000	6.107945E-3	2.439754E-1
0.003634000000	6.107945E-3	2.439754E-1
0.003636000000	6.107945E-3	2.439754E-1
0.003638000000	-3.603141E-2	2.439754E-1
0.003640000000	-7.817076E-2	2.439754E-1
0.003642000000	-3.603141E-2	2.866061E-1
0.003644000000	6.107945E-3	2.866061E-1
0.003646000000	6.107945E-3	2.866061E-1
0.003648000000	-3.603141E-2	2.439754E-1
0.003650000000	-3.603141E-2	2.439754E-1
0.003652000000	6.107945E-3	2.439754E-1
0.003654000000	6.107945E-3	2.866061E-1
0.003656000000	6.107945E-3	2.866061E-1
0.003658000000	-3.603141E-2	2.439754E-1
0.003660000000	-3.603141E-2	2.439754E-1
0.003662000000	6.107945E-3	2.439754E-1
0.003664000000	6.107945E-3	2.439754E-1
0.003666000000	6.107945E-3	2.439754E-1
0.003668000000	-3.603141E-2	2.439754E-1
0.003670000000	-3.603141E-2	2.439754E-1
0.003672000000	6.107945E-3	2.439754E-1
0.003674000000	6.107945E-3	2.866061E-1
0.003676000000	6.107945E-3	2.439754E-1
0.003678000000	6.107945E-3	2.439754E-1
0.003680000000	-3.603141E-2	2.439754E-1
0.003682000000	6.107945E-3	2.866061E-1
0.003684000000	6.107945E-3	2.866061E-1
0.003686000000	6.107945E-3	2.866061E-1
0.003688000000	-7.817076E-2	2.439754E-1
0.003690000000	6.107945E-3	2.439754E-1
0.003692000000	-3.603141E-2	2.866061E-1
0.003694000000	6.107945E-3	2.866061E-1
0.003696000000	6.107945E-3	2.866061E-1
0.003698000000	-3.603141E-2	2.439754E-1
0.003700000000	-1.005236E+0	2.439754E-1
0.003702000000	-9.209578E-1	2.439754E-1
0.003704000000	-8.788184E-1	2.866061E-1
0.003706000000	-9.209578E-1	2.439754E-1
0.003708000000	-9.209578E-1	2.013447E-1
0.003710000000	-9.630971E-1	2.013447E-1
0.003712000000	-9.209578E-1	2.439754E-1
0.003714000000	-8.788184E-1	2.439754E-1
0.003716000000	-9.209578E-1	2.439754E-1
0.003718000000	-9.209578E-1	2.439754E-1
0.003720000000	-9.630971E-1	2.439754E-1
0.003722000000	-9.209578E-1	2.439754E-1
0.003724000000	-9.209578E-1	2.439754E-1
0.003726000000	-8.788184E-1	2.866061E-1
0.003728000000	-9.209578E-1	2.866061E-1
0.003730000000	-9.209578E-1	2.866061E-1
0.003732000000	-9.630971E-1	2.439754E-1
0.003734000000	-9.630971E-1	2.866061E-1
0.003736000000	-9.209578E-1	3.292369E-1
0.003738000000	-8.788184E-1	3.718676E-1
0.003740000000	-9.209578E-1	4.144983E-1
0.003742000000	-9.209578E-1	4.144983E-1
0.003744000000	-9.209578E-1	4.571290E-1
0.003746000000	-9.209578E-1	5.423905E-1
0.003748000000	-9.209578E-1	5.850212E-1
0.003750000000	-8.788184E-1	6.702826E-1
0.003752000000	-9.209578E-1	7.981748E-1
0.003754000000	-9.209578E-1	8.408055E-1
0.003756000000	-9.209578E-1	9.686977E-1
0.003758000000	-9.209578E-1	1.053959E+0
0.003760000000	-9.209578E-1	1.181851E+0
0.003762000000	-8.788184E-1	1.267113E+0
0.003764000000	-9.209578E-1	1.395005E+0
0.003766000000	-9.209578E-1	1.437636E+0
0.003768000000	-9.630971E-1	1.522897E+0
0.003770000000	-9.209578E-1	1.608158E+0
0.003772000000	-9.209578E-1	1.650789E+0
0.003774000000	-8.788184E-1	1.736051E+0
0.003776000000	-9.209578E-1	1.778681E+0
0.003778000000	-9.209578E-1	1.778681E+0
0.003780000000	-9.209578E-1	1.778681E+0
0.003782000000	-9.209578E-1	1.778681E+0
0.003784000000	-9.209578E-1	1.778681E+0
0.003786000000	-8.788184E-1	1.778681E+0
0.003788000000	-8.788184E-1	1.778681E+0
0.003790000000	-9.209578E-1	1.693420E+0
0.003792000000	-9.630971E-1	1.650789E+0
0.003794000000	-9.209578E-1	1.608158E+0
0.003796000000	-9.209578E-1	1.608158E+0
0.003798000000	-9.209578E-1	1.608158E+0
0.003800000000	-9.209578E-1	1.608158E+0
0.003802000000	-9.209578E-1	1.608158E+0
0.003804000000	-9.630971E-1	1.608158E+0
0.003806000000	-9.209578E-1	1.608158E+0
0.003808000000	-9.630971E-1	1.650789E+0
0.003810000000	-9.209578E-1	1.693420E+0
0.003812000000	-8.788184E-1	1.736051E+0
0.003814000000	-9.209578E-1	1.736051E+0
0.003816000000	-9.209578E-1	1.736051E+0
0.003818000000	-9.209578E-1	1.736051E+0
0.003820000000	-9.209578E-1	1.778681E+0
0.003822000000	-8.788184E-1	1.821312E+0
0.003824000000	-9.209578E-1	1.821312E+0
0.003826000000	-9.209578E-1	1.778681E+0
0.003828000000	-9.630971E-1	1.736051E+0
0.003830000000	-9.209578E-1	1.736051E+0
0.003832000000	-8.788184E-1	1.693420E+0
0.003834000000	-9.209578E-1	1.736051E+0
0.003836000000	-9.209578E-1	1.693420E+0
0.003838000000	-9.209578E-1	1.650789E+0
0.003840000000	-9.630971E-1	1.650789E+0
0.003842000000	-9.209578E-1	1.650789E+0
0.003844000000	-9.209578E-1	1.693420E+0
0.003846000000	-9.209578E-1	1.693420E+0
0.003848000000	-9.209578E-1	1.693420E+0
0.003850000000	-9.209578E-1	1.693420E+0
0.003852000000	-9.630971E-1	1.650789E+0
0.003854000000	-9.209578E-1	1.650789E+0
0.003856000000	-9.209578E-1	1.736051E+0
0.003858000000	-9.209578E-1	1.736051E+0
0.003860000000	-8.788184E-1	1.736051E+0
0.003862000000	-9.209578E-1	1.736051E+0
0.003864000000	-9.630971E-1	1.736051E+0
0.003866000000	-9.630971E-1	1.736051E+0
0.003868000000	-9.209578E-1	1.736051E+0
0.003870000000	-8.788184E-1	1.778681E+0
0.003872000000	-8.788184E-1	1.778681E+0
0.003874000000	-9.209578E-1	1.736051E+0
0.003876000000	-9.630971E-1	1.693420E+0
0.003878000000	-9.630971E-1	1.693420E+0
0.003880000000	-9.209578E-1	1.693420E+0
0.003882000000	-8.788184E-1	1.693420E+0
0.003884000000	-9.209578E-1	1.736051E+0
0.003886000000	-9.209578E-1	1.693420E+0
0.003888000000	-9.630971E-1	1.650789E+0
0.003890000000	-9.209578E-1	1.650789E+0
0.003892000000	-9.209578E-1	1.693420E+0
0.003894000000	-9.209578E-1	1.736051E+0
0.003896000000	-9.209578E-1	1.736051E+0
0.003898000000	-9.209578E-1	1.736051E+0
0.003900000000	-9.209578E-1	1.736051E+0
0.003902000000	-9.630971E-1	1.693420E+0
0.003904000000	-9.209578E-1	1.736051E+0
0.003906000000	-8.788184E-1	1.778681E+0
0.003908000000	-8.788184E-1	1.736051E+0
0.003910000000	-9.209578E-1	1.778681E+0
0.003912000000	-9.630971E-1	1.693420E+0
0.003914000000	-9.209578E-1	1.693420E+0
0.003916000000	-9.209578E-1	1.693420E+0
0.003918000000	-8.788184E-1	1.736051E+0
0.003920000000	-8.788184E-1	1.736051E+0
0.003922000000	-9.209578E-1	1.736051E+0
0.003924000000	-9.209578E-1	1.650789E+0
0.003926000000	-9.630971E-1	1.693420E+0
0.003928000000	-9.209578E-1	1.693420E+0
0.003930000000	-9.209578E-1	1.736051E+0
0.003932000000	-9.209578E-1	1.736051E+0
0.003934000000	-9.209578E-1	1.736051E+0
0.003936000000	-9.630971E-1	1.693420E+0
0.003938000000	-9.209578E-1	1.693420E+0
0.003940000000	6.107945E-3	1.693420E+0
0.003942000000	6.107945E-3	1.736051E+0
0.003944000000	6.107945E-3	1.736051E+0
0.003946000000	6.107945E-3	1.736051E+0
0.003948000000	-3.603141E-2	1.693420E+0
0.003950000000	-3.603141E-2	1.693420E+0
0.003952000000	-3.603141E-2	1.736051E+0
0.003954000000	6.107945E-3	1.736051E+0
0.003956000000	6.107945E-3	1.736051E+0
0.003958000000	-3.603141E-2	1.736051E+0
0.003960000000	-3.603141E-2	1.693420E+0
0.003962000000	-3.603141E-2	1.693420E+0
0.003964000000	6.107945E-3	1.736051E+0
0.003966000000	6.107945E-3	1.693420E+0
0.003968000000	-3.603141E-2	1.693420E+0
0.003970000000	-3.603141E-2	1.650789E+0
0.003972000000	-3.603141E-2	1.650789E+0
0.003974000000	6.107945E-3	1.650789E+0
0.003976000000	-3.603141E-2	1.650789E+0
0.003978000000	-3.603141E-2	1.608158E+0
0.003980000000	-3.603141E-2	1.565528E+0
0.003982000000	6.107945E-3	1.522897E+0
0.003984000000	6.107945E-3	1.522897E+0
0.003986000000	6.107945E-3	1.437636E+0
0.003988000000	-3.603141E-2	1.352374E+0
0.003990000000	-3.603141E-2	1.309743E+0
0.003992000000	-3.603141E-2	1.181851E+0
0.003994000000	6.107945E-3	1.139221E+0
0.003996000000	6.107945E-3	1.011328E+0
0.003998000000	-3.603141E-2	8.834362E-1
0.004000000000	6.107945E-3	7.555441E-1
0.004002000000	-3.603141E-2	6.702826E-1
0.004004000000	-3.603141E-2	5.850212E-1
0.004006000000	6.107945E-3	4.997597E-1
0.004008000000	-3.603141E-2	3.718676E-1
0.004010000000	6.107945E-3	2.866061E-1
0.004012000000	-3.603141E-2	2.439754E-1
0.004014000000	6.107945E-3	2.439754E-1
0.004016000000	6.107945E-3	2.013447E-1
0.004018000000	-3.603141E-2	1.587140E-1
0.004020000000	-3.603141E-2	1.587140E-1
0.004022000000	6.107945E-3	1.587140E-1
0.004024000000	-3.603141E-2	2.013447E-1
0.004026000000	6.107945E-3	2.013447E-1
0.004028000000	-3.603141E-2	2.439754E-1
0.004030000000	-3.603141E-2	2.439754E-1
0.004032000000	6.107945E-3	2.866061E-1
0.004034000000	6.107945E-3	3.292369E-1
0.004036000000	6.107945E-3	3.718676E-1
0.004038000000	-3.603141E-2	3.718676E-1
0.004040000000	-7.817076E-2	3.718676E-1
0.004042000000	6.107945E-3	3.718676E-1
0.004044000000	6.107945E-3	3.292369E-1
0.004046000000	6.107945E-3	3.292369E-1
0.004048000000	-3.603141E-2	3.292369E-1
0.004050000000	-7.817076E-2	2.439754E-1
0.004052000000	6.107945E-3	2.439754E-1
0.004054000000	6.107945E-3	2.439754E-1
0.004056000000	6.107945E-3	2.439754E-1
0.004058000000	-3.603141E-2	2.013447E-1
0.004060000000	-3.603141E-2	1.587140E-1
0.004062000000	-3.603141E-2	2.013447E-1
0.004064000000	-3.603141E-2	2.013447E-1
0.004066000000	6.107945E-3	2.013447E-1
0.004068000000	-3.603141E-2	1.587140E-1
0.004070000000	-3.603141E-2	1.587140E-1
0.004072000000	-3.603141E-2	2.439754E-1
0.004074000000	6.107945E-3	2.866061E-1
0.004076000000	6.107945E-3	2.866061E-1
0.004078000000	-3.603141E-2	2.439754E-1
0.004080000000	-3.603141E-2	2.439754E-1
0.004082000000	-3.603141E-2	2.866061E-1
0.004084000000	6.107945E-3	2.866061E-1
0.004086000000	-3.603141E-2	2.866061E-1
0.004088000000	-3.603141E-2	2.866061E-1
0.004090000000	6.107945E-3	2.439754E-1
0.004092000000	-3.603141E-2	2.866061E-1
0.004094000000	6.107945E-3	2.439754E-1
0.004096000000	6.107945E-3	2.439754E-1
0.004098000000	-3.603141E-2	2.439754E-1
0.004100000000	-3.603141E-2	2.013447E-1
0.004102000000	6.107945E-3	2.439754E-1
0.004104000000	6.107945E-3	2.439754E-1
0.004106000000	-3.603141E-2	2.439754E-1
0.004108000000	6.107945E-3	2.013447E-1
0.004110000000	-3.603141E-2	2.439754E-1
0.004112000000	6.107945E-3	2.439754E-1
0.004114000000	6.107945E-3	2.439754E-1
0.004116000000	6.107945E-3	2.439754E-1
0.004118000000	-3.603141E-2	2.439754E-1
0.004120000000	-3.603141E-2	2.439754E-1
0.004122000000	6.107945E-3	2.866061E-1
0.004124000000	6.107945E-3	2.866061E-1
0.004126000000	6.107945E-3	2.866061E-1
0.004128000000	-3.603141E-2	2.866061E-1
0.004130000000	-3.603141E-2	2.439754E-1
0.004132000000	6.107945E-3	2.439754E-1
0.004134000000	6.107945E-3	2.439754E-1
0.004136000000	6.107945E-3	2.439754E-1
0.004138000000	-3.603141E-2	2.013447E-1
0.004140000000	-3.603141E-2	2.013447E-1
0.004142000000	-3.603141E-2	2.439754E-1
0.004144000000	6.107945E-3	2.439754E-1
0.004146000000	-3.603141E-2	2.439754E-1
0.004148000000	-3.603141E-2	2.013447E-1
0.004150000000	-7.817076E-2	2.013447E-1
0.004152000000	6.107945E-3	2.439754E-1
0.004154000000	6.107945E-3	2.439754E-1
0.004156000000	-3.603141E-2	2.439754E-1
0.004158000000	-7.817076E-2	2.439754E-1
0.004160000000	-7.817076E-2	2.439754E-1
0.004162000000	-3.603141E-2	2.439754E-1
0.004164000000	6.107945E-3	2.439754E-1
0.004166000000	-3.603141E-2	2.439754E-1
0.004168000000	-3.603141E-2	2.439754E-1
0.004170000000	-3.603141E-2	2.439754E-1
0.004172000000	-3.603141E-2	2.866061E-1
0.004174000000	6.107945E-3	2.439754E-1
0.004176000000	6.107945E-3	2.439754E-1
0.004178000000	-3.603141E-2	2.013447E-1
0.004180000000	-1.005236E+0	2.439754E-1
0.004182000000	-9.209578E-1	2.439754E-1
0.004184000000	-8.788184E-1	2.439754E-1
0.004186000000	-9.209578E-1	2.439754E-1
0.004188000000	-9.630971E-1	2.013447E-1
0.004190000000	-9.630971E-1	2.013447E-1
0.004192000000	-9.209578E-1	2.439754E-1
0.004194000000	-9.209578E-1	2.866061E-1
0.004196000000	-9.209578E-1	2.439754E-1
0.004198000000	-9.209578E-1	2.439754E-1
0.004200000000	-9.209578E-1	2.013447E-1
0.004202000000	-9.209578E-1	2.439754E-1
0.004204000000	-9.209578E-1	2.866061E-1
0.004206000000	-9.209578E-1	2.866061E-1
0.004208000000	-9.209578E-1	2.866061E-1
0.004210000000	-9.209578E-1	2.439754E-1
0.004212000000	-9.630971E-1	2.866061E-1
0.004214000000	-9.209578E-1	2.866061E-1
0.004216000000	-8.788184E-1	3.292369E-1
0.004218000000	-8.788184E-1	3.718676E-1
0.004220000000	-8.788184E-1	4.144983E-1
0.004222000000	-9.209578E-1	4.144983E-1
0.004224000000	-9.630971E-1	4.144983E-1
0.004226000000	-9.209578E-1	4.997597E-1
0.004228000000	-9.209578E-1	5.850212E-1
0.004230000000	-9.209578E-1	7.129133E-1
0.004232000000	-9.209578E-1	7.981748E-1
0.004234000000	-9.209578E-1	8.408055E-1
0.004236000000	-9.209578E-1	9.260670E-1
0.004238000000	-9.209578E-1	1.011328E+0
0.004240000000	-9.209578E-1	1.181851E+0
0.004242000000	-8.788184E-1	1.309743E+0
0.004244000000	-9.209578E-1	1.352374E+0
0.004246000000	-9.630971E-1	1.437636E+0
0.004248000000	-9.630971E-1	1.522897E+0
0.004250000000	-9.209578E-1	1.608158E+0
0.004252000000	-9.209578E-1	1.693420E+0
0.004254000000	-8.788184E-1	1.778681E+0
0.004256000000	-8.788184E-1	1.778681E+0
0.004258000000	-9.209578E-1	1.778681E+0
0.004260000000	-9.209578E-1	1.778681E+0
0.004262000000	-9.209578E-1	1.778681E+0
0.004264000000	-8.788184E-1	1.778681E+0
0.004266000000	-8.788184E-1	1.778681E+0
0.004268000000	-9.209578E-1	1.736051E+0
0.004270000000	-9.209578E-1	1.693420E+0
0.004272000000	-9.630971E-1	1.650789E+0
0.004274000000	-9.630971E-1	1.608158E+0
0.004276000000	-9.209578E-1	1.608158E+0
0.004278000000	-9.209578E-1	1.650789E+0
0.004280000000	-9.209578E-1	1.608158E+0
0.004282000000	-9.209578E-1	1.608158E+0
0.004284000000	-9.630971E-1	1.565528E+0
0.004286000000	-9.209578E-1	1.608158E+0
0.004288000000	-9.209578E-1	1.650789E+0
0.004290000000	-9.209578E-1	1.693420E+0
0.004292000000	-9.209578E-1	1.736051E+0
0.004294000000	-9.209578E-1	1.693420E+0
0.004296000000	-9.630971E-1	1.693420E+0
0.004298000000	-9.209578E-1	1.736051E+0
0.004300000000	-9.209578E-1	1.778681E+0
0.004302000000	-9.209578E-1	1.778681E+0
0.004304000000	-9.209578E-1	1.821312E+0
0.004306000000	-9.209578E-1	1.778681E+0
0.004308000000	-9.209578E-1	1.736051E+0
0.004310000000	-9.209578E-1	1.736051E+0
0.004312000000	-9.209578E-1	1.778681E+0
0.004314000000	-8.788184E-1	1.736051E+0
0.004316000000	-9.209578E-1	1.693420E+0
0.004318000000	-9.209578E-1	1.693420E+0
0.004320000000	-9.630971E-1	1.608158E+0
0.004322000000	-9.630971E-1	1.650789E+0
0.004324000000	-9.209578E-1	1.650789E+0
0.004326000000	-9.209578E-1	1.693420E+0
0.004328000000	-8.788184E-1	1.693420E+0
0.004330000000	-9.209578E-1	1.650789E+0
0.004332000000	-9.630971E-1	1.650789E+0
0.004334000000	-9.209578E-1	1.650789E+0
0.004336000000	-8.788184E-1	1.693420E+0
0.004338000000	-8.788184E-1	1.736051E+0
0.004340000000	-8.788184E-1	1.736051E+0
0.004342000000	-9.209578E-1	1.736051E+0
0.004344000000	-9.209578E-1	1.736051E+0
0.004346000000	-9.630971E-1	1.736051E+0
0.004348000000	-8.788184E-1	1.736051E+0
0.004350000000	-8.788184E-1	1.736051E+0
0.004352000000	-8.788184E-1	1.736051E+0
0.004354000000	-9.209578E-1	1.693420E+0
0.004356000000	-9.209578E-1	1.693420E+0
0.004358000000	-9.209578E-1	1.693420E+0
0.004360000000	-8.788184E-1	1.693420E+0
0.004362000000	-9.209578E-1	1.693420E+0
0.004364000000	-9.209578E-1	1.736051E+0
0.004366000000	-9.209578E-1	1.650789E+0
0.004368000000	-9.209578E-1	1.650789E+0
0.004370000000	-9.209578E-1	1.650789E+0
0.004372000000	-9.209578E-1	1.736051E+0
0.004374000000	-9.209578E-1	1.736051E+0
0.004376000000	-9.209578E-1	1.736051E+0
0.004378000000	-9.209578E-1	1.736051E+0
0.004380000000	-9.630971E-1	1.736051E+0
0.004382000000	-9.209578E-1	1.693420E+0
0.004384000000	-9.209578E-1	1.736051E+0
0.004386000000	-9.209578E-1	1.778681E+0
0.004388000000	-9.209578E-1	1.778681E+0
0.004390000000	-9.209578E-1	1.693420E+0
0.004392000000	-9.630971E-1	1.736051E+0
0.004394000000	-9.209578E-1	1.693420E+0
0.004396000000	-9.209578E-1	1.736051E+0
0.004398000000	-8.788184E-1	1.736051E+0
0.004400000000	-8.788184E-1	1.736051E+0
0.004402000000	-9.209578E-1	1.693420E+0
0.004404000000	-9.630971E-1	1.650789E+0
0.004406000000	-9.209578E-1	1.650789E+0
0.004408000000	-9.209578E-1	1.736051E+0
0.004410000000	-9.209578E-1	1.736051E+0
0.004412000000	-9.209578E-1	1.736051E+0
0.004414000000	-9.209578E-1	1.693420E+0
0.004416000000	-9.630971E-1	1.693420E+0
0.004418000000	-9.630971E-1	1.693420E+0
0.004420000000	6.107945E-3	1.693420E+0
0.004422000000	6.107945E-3	1.736051E+0
0.004424000000	-3.603141E-2	1.736051E+0
0.004426000000	-3.603141E-2	1.693420E+0
0.004428000000	-7.817076E-2	1.693420E+0
0.004430000000	-3.603141E-2	1.693420E+0
0.004432000000	6.107945E-3	1.736051E+0
0.004434000000	6.107945E-3	1.736051E+0
0.004436000000	6.107945E-3	1.736051E+0
0.004438000000	-3.603141E-2	1.693420E+0
0.004440000000	-3.603141E-2	1.693420E+0
0.004442000000	-3.603141E-2	1.736051E+0
0.004444000000	6.107945E-3	1.736051E+0
0.004446000000	6.107945E-3	1.736051E+0
0.004448000000	-3.603141E-2	1.693420E+0
0.004450000000	-3.603141E-2	1.650789E+0
0.004452000000	6.107945E-3	1.650789E+0
0.004454000000	6.107945E-3	1.693420E+0
0.004456000000	6.107945E-3	1.650789E+0
0.004458000000	-3.603141E-2	1.565528E+0
0.004460000000	-7.817076E-2	1.565528E+0
0.004462000000	-3.603141E-2	1.522897E+0
0.004464000000	6.107945E-3	1.522897E+0
0.004466000000	-3.603141E-2	1.437636E+0
0.004468000000	6.107945E-3	1.352374E+0
0.004470000000	-3.603141E-2	1.267113E+0
0.004472000000	-3.603141E-2	1.181851E+0
0.004474000000	6.107945E-3	1.139221E+0
0.004476000000	-3.603141E-2	9.686977E-1
0.004478000000	-3.603141E-2	8.834362E-1
0.004480000000	-3.603141E-2	7.981748E-1
0.004482000000	-3.603141E-2	7.129133E-1
0.004484000000	6.107945E-3	5.850212E-1
0.004486000000	6.107945E-3	4.997597E-1
0.004488000000	-7.817076E-2	3.718676E-1
0.004490000000	-7.817076E-2	2.866061E-1
0.004492000000	6.107945E-3	2.439754E-1
0.004494000000	6.107945E-3	2.439754E-1
0.004496000000	6.107945E-3	2.013447E-1
0.004498000000	-3.603141E-2	1.587140E-1
0.004500000000	-3.603141E-2	1.160833E-1
0.004502000000	6.107945E-3	1.587140E-1
0.004504000000	6.107945E-3	2.013447E-1
0.004506000000	6.107945E-3	2.439754E-1
0.004508000000	-3.603141E-2	2.439754E-1
0.004510000000	-3.603141E-2	2.439754E-1
0.004512000000	-3.603141E-2	2.866061E-1
0.004514000000	6.107945E-3	3.292369E-1
0.004516000000	-3.603141E-2	3.718676E-1
0.004518000000	-3.603141E-2	3.292369E-1
0.004520000000	-3.603141E-2	3.718676E-1
0.004522000000	-3.603141E-2	3.718676E-1
0.004524000000	6.107945E-3	4.144983E-1
0.004526000000	-3.603141E-2	3.718676E-1
0.004528000000	-3.603141E-2	2.866061E-1
0.004530000000	-3.603141E-2	2.439754E-1
0.004532000000	-3.603141E-2	2.439754E-1
0.004534000000	6.107945E-3	2.439754E-1
0.004536000000	-3.603141E-2	2.439754E-1
0.004538000000	-3.603141E-2	2.013447E-1
0.004540000000	-3.603141E-2	1.587140E-1
0.004542000000	6.107945E-3	1.587140E-1
0.004544000000	6.107945E-3	2.013447E-1
0.004546000000	-3.603141E-2	2.013447E-1
0.004548000000	-3.603141E-2	1.587140E-1
0.004550000000	-3.603141E-2	2.013447E-1
0.004552000000	6.107945E-3	2.439754E-1
0.004554000000	6.107945E-3	2.439754E-1
0.004556000000	6.107945E-3	2.439754E-1
0.004558000000	-3.603141E-2	2.439754E-1
0.004560000000	-3.603141E-2	2.866061E-1
0.004562000000	6.107945E-3	2.866061E-1
0.004564000000	6.107945E-3	2.866061E-1
0.004566000000	-3.603141E-2	2.866061E-1
0.004568000000	-3.603141E-2	2.866061E-1
0.004570000000	-3.603141E-2	2.439754E-1
0.004572000000	6.107945E-3	2.439754E-1
0.004574000000	6.107945E-3	2.866061E-1
0.004576000000	6.107945E-3	2.439754E-1
0.004578000000	-3.603141E-2	2.439754E-1
0.004580000000	-3.603141E-2	2.013447E-1
0.004582000000	6.107945E-3	2.439754E-1
0.004584000000	6.107945E-3	2.439754E-1
0.004586000000	6.107945E-3	2.013447E-1
0.004588000000	-3.603141E-2	2.013447E-1
0.004590000000	-3.603141E-2	2.013447E-1
0.004592000000	6.107945E-3	2.439754E-1
0.004594000000	6.107945E-3	2.439754E-1
0.004596000000	6.107945E-3	2.439754E-1
0.004598000000	-3.603141E-2	2.439754E-1
0.004600000000	-3.603141E-2	2.439754E-1
0.004602000000	6.107945E-3	2.866061E-1
0.004604000000	6.107945E-3	2.866061E-1
0.004606000000	-3.603141E-2	2.866061E-1
0.004608000000	-3.603141E-2	2.439754E-1
0.004610000000	-3.603141E-2	2.439754E-1
0.004612000000	6.107945E-3	2.866061E-1
0.004614000000	6.107945E-3	2.439754E-1
0.004616000000	-3.603141E-2	2.439754E-1
0.004618000000	-3.603141E-2	2.439754E-1
0.004620000000	-3.603141E-2	2.013447E-1
0.004622000000	-3.603141E-2	2.439754E-1
0.004624000000	6.107945E-3	2.439754E-1
0.004626000000	-3.603141E-2	2.439754E-1
0.004628000000	-3.603141E-2	2.013447E-1
0.004630000000	-3.603141E-2	2.439754E-1
0.004632000000	6.107945E-3	2.439754E-1
0.004634000000	6.107945E-3	2.866061E-1
0.004636000000	6.107945E-3	2.439754E-1
0.004638000000	-3.603141E-2	2.439754E-1
0.004640000000	-3.603141E-2	2.439754E-1
0.004642000000	-3.603141E-2	2.866061E-1
0.004644000000	6.107945E-3	2.439754E-1
0.004646000000	6.107945E-3	2.866061E-1
0.004648000000	-3.603141E-2	2.439754E-1
0.004650000000	-3.603141E-2	2.439754E-1
0.004652000000	6.107945E-3	2.866061E-1
0.004654000000	6.107945E-3	2.866061E-1
0.004656000000	6.107945E-3	2.439754E-1
0.004658000000	-3.603141E-2	2.439754E-1
0.004660000000	-9.630971E-1	2.013447E-1
0.004662000000	-8.788184E-1	2.439754E-1
0.004664000000	-8.788184E-1	2.439754E-1
0.004666000000	-9.209578E-1	2.439754E-1
0.004668000000	-9.209578E-1	2.013447E-1
0.004670000000	-9.209578E-1	2.439754E-1
0.004672000000	-9.209578E-1	2.439754E-1
0.004674000000	-9.209578E-1	2.866061E-1
0.004676000000	-9.209578E-1	2.439754E-1
0.004678000000	-9.209578E-1	2.439754E-1
0.004680000000	-9.209578E-1	2.013447E-1
0.004682000000	-9.630971E-1	2.439754E-1
0.004684000000	-9.209578E-1	2.866061E-1
0.004686000000	-8.788184E-1	2.866061E-1
0.004688000000	-9.209578E-1	2.439754E-1
0.004690000000	-9.209578E-1	2.439754E-1
0.004692000000	-9.209578E-1	2.439754E-1
0.004694000000	-9.209578E-1	2.866061E-1
0.004696000000	-9.209578E-1	3.292369E-1
0.004698000000	-9.209578E-1	3.718676E-1
0.004700000000	-9.630971E-1	3.718676E-1
0.004702000000	-9.630971E-1	4.144983E-1
0.004704000000	-9.209578E-1	4.144983E-1
0.004706000000	-9.209578E-1	4.997597E-1
0.004708000000	-9.209578E-1	5.850212E-1
0.004710000000	-9.209578E-1	6.702826E-1
0.004712000000	-9.209578E-1	7.555441E-1
0.004714000000	-9.630971E-1	8.408055E-1
0.004716000000	-9.630971E-1	9.260670E-1
0.004718000000	-9.209578E-1	1.011328E+0
0.004720000000	-9.209578E-1	1.139221E+0
0.004722000000	-8.788184E-1	1.309743E+0
0.004724000000	-9.209578E-1	1.352374E+0
0.004726000000	-9.209578E-1	1.437636E+0
0.004728000000	-9.209578E-1	1.522897E+0
0.004730000000	-9.209578E-1	1.608158E+0
0.004732000000	-9.209578E-1	1.693420E+0
0.004734000000	-9.209578E-1	1.736051E+0
0.004736000000	-9.209578E-1	1.778681E+0
0.004738000000	-9.630971E-1	1.778681E+0
0.004740000000	-9.209578E-1	1.778681E+0
0.004742000000	-9.209578E-1	1.778681E+0
0.004744000000	-9.209578E-1	1.821312E+0
0.004746000000	-9.209578E-1	1.736051E+0
0.004748000000	-9.209578E-1	1.736051E+0
0.004750000000	-9.630971E-1	1.693420E+0
0.004752000000	-9.209578E-1	1.650789E+0
0.004754000000	-9.209578E-1	1.650789E+0
0.004756000000	-8.788184E-1	1.650789E+0
0.004758000000	-9.209578E-1	1.650789E+0
0.004760000000	-9.209578E-1	1.608158E+0
0.004762000000	-9.630971E-1	1.608158E+0
0.004764000000	-9.630971E-1	1.608158E+0
0.004766000000	-9.209578E-1	1.608158E+0
0.004768000000	-8.788184E-1	1.650789E+0
0.004770000000	-9.209578E-1	1.693420E+0
0.004772000000	-9.209578E-1	1.693420E+0
0.004774000000	-9.630971E-1	1.736051E+0
0.004776000000	-9.209578E-1	1.736051E+0
0.004778000000	-9.209578E-1	1.778681E+0
0.004780000000	-8.788184E-1	1.778681E+0
0.004782000000	-8.788184E-1	1.821312E+0
0.004784000000	-8.788184E-1	1.778681E+0
0.004786000000	-9.209578E-1	1.778681E+0
0.004788000000	-9.209578E-1	1.736051E+0
0.004790000000	-9.209578E-1	1.736051E+0
0.004792000000	-8.788184E-1	1.736051E+0
0.004794000000	-8.788184E-1	1.736051E+0
0.004796000000	-9.209578E-1	1.736051E+0
0.004798000000	-9.209578E-1	1.650789E+0
0.004800000000	-9.630971E-1	1.650789E+0
0.004802000000	-9.209578E-1	1.650789E+0
0.004804000000	-9.209578E-1	1.650789E+0
0.004806000000	-9.209578E-1	1.693420E+0
0.004808000000	-9.209578E-1	1.650789E+0
0.004810000000	-9.630971E-1	1.650789E+0
0.004812000000	-9.630971E-1	1.650789E+0
0.004814000000	-9.209578E-1	1.650789E+0
0.004816000000	-8.788184E-1	1.736051E+0
0.004818000000	-8.788184E-1	1.736051E+0
0.004820000000	-9.209578E-1	1.736051E+0
0.004822000000	-9.209578E-1	1.736051E+0
0.004824000000	-9.630971E-1	1.736051E+0
0.004826000000	-9.209578E-1	1.736051E+0
0.004828000000	-8.788184E-1	1.778681E+0
0.004830000000	-8.788184E-1	1.736051E+0
0.004832000000	-8.788184E-1	1.736051E+0
0.004834000000	-9.630971E-1	1.693420E+0
0.004836000000	-9.630971E-1	1.693420E+0
0.004838000000	-9.209578E-1	1.693420E+0
0.004840000000	-8.788184E-1	1.693420E+0
0.004842000000	-9.209578E-1	1.736051E+0
0.004844000000	-9.209578E-1	1.736051E+0
0.004846000000	-9.209578E-1	1.650789E+0
0.004848000000	-9.630971E-1	1.650789E+0
0.004850000000	-9.209578E-1	1.693420E+0
0.004852000000	-8.788184E-1	1.693420E+0
0.004854000000	-9.209578E-1	1.736051E+0
0.004856000000	-9.209578E-1	1.736051E+0
0.004858000000	-9.630971E-1	1.693420E+0
0.004860000000	-9.630971E-1	1.693420E+0
0.004862000000	-9.630971E-1	1.736051E+0
0.004864000000	-9.209578E-1	1.736051E+0
0.004866000000	-9.209578E-1	1.736051E+0
0.004868000000	-9.209578E-1	1.736051E+0
0.004870000000	-9.630971E-1	1.693420E+0
0.004872000000	-9.209578E-1	1.693420E+0
0.004874000000	-8.788184E-1	1.693420E+0
0.004876000000	-8.788184E-1	1.736051E+0
0.004878000000	-8.788184E-1	1.736051E+0
0.004880000000	-8.788184E-1	1.736051E+0
0.004882000000	-9.209578E-1	1.693420E+0
0.004884000000	-9.209578E-1	1.693420E+0
0.004886000000	-9.209578E-1	1.693420E+0
0.004888000000	-8.788184E-1	1.736051E+0
0.004890000000	-9.209578E-1	1.736051E+0
0.004892000000	-9.209578E-1	1.693420E+0
0.004894000000	-9.209578E-1	1.693420E+0
0.004896000000	-9.209578E-1	1.650789E+0
0.004898000000	-9.209578E-1	1.693420E+0
0.004900000000	4.824730E-2	1.736051E+0
0.004902000000	6.107945E-3	1.778681E+0
0.004904000000	6.107945E-3	1.736051E+0
0.004906000000	-3.603141E-2	1.693420E+0
0.004908000000	-3.603141E-2	1.736051E+0
0.004910000000	6.107945E-3	1.693420E+0
0.004912000000	6.107945E-3	1.778681E+0
0.004914000000	6.107945E-3	1.736051E+0
0.004916000000	-3.603141E-2	1.736051E+0
0.004918000000	-3.603141E-2	1.693420E+0
0.004920000000	-3.603141E-2	1.693420E+0
0.004922000000	-3.603141E-2	1.693420E+0
0.004924000000	6.107945E-3	1.736051E+0
0.004926000000	-3.603141E-2	1.693420E+0
0.004928000000	-3.603141E-2	1.650789E+0
0.004930000000	-3.603141E-2	1.693420E+0
0.004932000000	6.107945E-3	1.650789E+0
0.004934000000	6.107945E-3	1.693420E+0
0.004936000000	-3.603141E-2	1.650789E+0
0.004938000000	-7.817076E-2	1.608158E+0
0.004940000000	-3.603141E-2	1.565528E+0
0.004942000000	6.107945E-3	1.565528E+0
0.004944000000	6.107945E-3	1.522897E+0
0.004946000000	-3.603141E-2	1.437636E+0
0.004948000000	-3.603141E-2	1.352374E+0
0.004950000000	-3.603141E-2	1.267113E+0
0.004952000000	-3.603141E-2	1.224482E+0
0.004954000000	6.107945E-3	1.096590E+0
0.004956000000	-3.603141E-2	1.011328E+0
0.004958000000	-3.603141E-2	8.408055E-1
0.004960000000	-3.603141E-2	7.981748E-1
0.004962000000	-3.603141E-2	7.129133E-1
0.004964000000	6.107945E-3	6.276519E-1
0.004966000000	-3.603141E-2	4.997597E-1
0.004968000000	-3.603141E-2	3.718676E-1
0.004970000000	-3.603141E-2	3.292369E-1
0.004972000000	-3.603141E-2	2.866061E-1
0.004974000000	6.107945E-3	2.439754E-1
0.004976000000	-3.603141E-2	1.587140E-1
0.004978000000	-7.817076E-2	1.587140E-1
0.004980000000	6.107945E-3	1.587140E-1
0.004982000000	6.107945E-3	1.587140E-1
0.004984000000	6.107945E-3	2.013447E-1
0.004986000000	-3.603141E-2	2.013447E-1
0.004988000000	-3.603141E-2	2.013447E-1
0.004990000000	-3.603141E-2	2.439754E-1
0.004992000000	6.107945E-3	2.866061E-1
0.004994000000	-3.603141E-2	3.718676E-1
0.004996000000	6.107945E-3	3.292369E-1
0.004998000000	6.107945E-3	3.292369E-1
0.005000000000	-3.603141E-2	3.292369E-1
