Frequency	dBVrms
0.000000	-44.745493
12.500000	-43.619218
25.000000	-49.267911
37.500000	-57.542174
50.000000	-59.588653
62.500000	-57.452200
75.000000	-56.089896
87.500000	-56.207649
100.000000	-58.515462
112.500000	-61.353424
125.000000	-61.102395
137.500000	-61.509343
150.000000	-63.224703
162.500000	-62.592825
175.000000	-60.064622
187.500000	-59.019738
200.000000	-60.336514
212.500000	-61.178391
225.000000	-60.046540
237.500000	-60.394226
250.000000	-62.125710
262.500000	-63.331445
275.000000	-62.756400
287.500000	-62.459047
300.000000	-62.993047
312.500000	-62.138081
325.000000	-61.949924
337.500000	-62.416503
350.000000	-60.854615
362.500000	-60.749040
375.000000	-62.441214
387.500000	-62.349503
400.000000	-60.780833
412.500000	-58.930604
425.000000	-57.359703
437.500000	-56.548334
450.000000	-56.437752
462.500000	-57.564059
475.000000	-61.246919
487.500000	-65.261868
500.000000	-62.884069
512.500000	-61.593847
525.000000	-61.741470
537.500000	-61.053146
550.000000	-59.094881
562.500000	-57.962968
575.000000	-58.283220
587.500000	-59.887976
600.000000	-61.329810
612.500000	-61.493362
625.000000	-61.498439
637.500000	-61.248303
650.000000	-61.468479
662.500000	-61.872254
675.000000	-62.793855
687.500000	-64.953076
700.000000	-63.302911
712.500000	-61.129330
725.000000	-61.378593
737.500000	-61.927588
750.000000	-59.796744
762.500000	-57.240888
775.000000	-55.882222
787.500000	-55.789411
800.000000	-56.455331
812.500000	-56.496210
825.000000	-57.036529
837.500000	-59.583879
850.000000	-62.947358
862.500000	-64.175123
875.000000	-63.878984
887.500000	-62.744479
900.000000	-60.738036
912.500000	-59.216133
925.000000	-58.589155
937.500000	-58.323718
950.000000	-58.012638
962.500000	-58.369315
975.000000	-59.688854
987.500000	-60.306489
1000.000000	-59.712766
1012.500000	-59.455180
1025.000000	-60.008763
1037.500000	-60.846888
1050.000000	-61.892243
1062.500000	-63.383022
1075.000000	-63.471587
1087.500000	-63.807787
1100.000000	-65.305509
1112.500000	-66.516772
1125.000000	-65.875587
1137.500000	-62.953825
1150.000000	-60.858394
1162.500000	-60.889022
1175.000000	-62.352460
1187.500000	-63.234805
1200.000000	-63.140880
1212.500000	-63.438392
1225.000000	-63.777255
1237.500000	-63.592827
1250.000000	-63.003192
1262.500000	-62.306793
1275.000000	-61.976692
1287.500000	-61.198297
1300.000000	-60.326400
1312.500000	-60.226830
1325.000000	-60.542870
1337.500000	-61.733185
1350.000000	-64.091767
1362.500000	-66.418347
1375.000000	-65.884942
1387.500000	-64.153869
1400.000000	-63.683436
1412.500000	-65.277657
1425.000000	-67.216557
1437.500000	-66.033644
1450.000000	-63.175712
1462.500000	-61.072151
1475.000000	-61.552320
1487.500000	-63.608256
1500.000000	-64.166120
1512.500000	-63.830277
1525.000000	-61.368125
1537.500000	-59.243767
1550.000000	-58.858457
1562.500000	-60.232602
1575.000000	-61.335524
1587.500000	-61.154599
1600.000000	-60.042011
1612.500000	-58.758230
1625.000000	-59.075391
1637.500000	-61.090528
1650.000000	-62.772873
1662.500000	-61.550104
1675.000000	-60.488121
1687.500000	-60.738047
1700.000000	-61.656421
1712.500000	-61.654978
1725.000000	-60.563307
1737.500000	-60.385633
1750.000000	-61.164097
1762.500000	-61.318368
1775.000000	-60.852514
1787.500000	-61.063686
1800.000000	-60.898982
1812.500000	-59.872681
1825.000000	-59.897344
1837.500000	-61.354737
1850.000000	-63.047825
1862.500000	-64.353326
1875.000000	-64.609994
1887.500000	-63.287480
1900.000000	-61.145634
1912.500000	-60.245724
1925.000000	-60.499811
1937.500000	-60.414963
1950.000000	-60.022111
1962.500000	-59.232868
1975.000000	-58.685814
1987.500000	-59.336709
2000.000000	-60.703071
2012.500000	-61.737397
2025.000000	-62.908630
2037.500000	-64.123962
2050.000000	-64.525155
2062.500000	-63.832410
2075.000000	-62.355148
2087.500000	-61.022846
2100.000000	-59.820489
2112.500000	-58.951118
2125.000000	-58.758704
2137.500000	-59.099574
2150.000000	-59.826293
2162.500000	-60.804029
2175.000000	-61.010757
2187.500000	-60.704460
2200.000000	-60.791489
2212.500000	-61.920916
2225.000000	-62.955164
2237.500000	-61.778678
2250.000000	-61.164706
2262.500000	-62.729081
2275.000000	-65.572572
2287.500000	-66.897224
2300.000000	-63.593476
2312.500000	-60.779057
2325.000000	-60.303702
2337.500000	-61.781356
2350.000000	-63.082669
2362.500000	-62.940672
2375.000000	-62.165973
2387.500000	-60.983430
2400.000000	-60.580729
2412.500000	-60.189882
2425.000000	-58.971771
2437.500000	-57.942787
2450.000000	-58.223707
2462.500000	-60.473575
2475.000000	-63.999235
2487.500000	-64.639052
2500.000000	-63.413354
2512.500000	-62.412250
2525.000000	-61.727325
2537.500000	-60.492385
2550.000000	-59.056320
2562.500000	-58.548527
2575.000000	-59.317185
2587.500000	-60.683808
2600.000000	-61.803157
2612.500000	-62.867614
2625.000000	-63.238859
2637.500000	-62.837687
2650.000000	-62.167381
2662.500000	-60.407121
2675.000000	-58.936475
2687.500000	-59.667314
2700.000000	-62.316752
2712.500000	-61.341102
2725.000000	-59.881614
2737.500000	-61.078047
2750.000000	-64.045919
2762.500000	-65.153577
2775.000000	-64.272886
2787.500000	-63.106161
2800.000000	-62.231462
2812.500000	-62.748011
2825.000000	-64.957703
2837.500000	-66.022337
2850.000000	-64.900064
2862.500000	-63.042467
2875.000000	-60.668003
2887.500000	-59.674816
2900.000000	-59.847130
2912.500000	-60.975267
2925.000000	-62.780925
2937.500000	-62.473826
2950.000000	-60.100208
2962.500000	-58.559881
2975.000000	-58.584894
2987.500000	-60.116283
3000.000000	-61.976795
3012.500000	-63.035570
3025.000000	-63.809588
3037.500000	-65.389328
3050.000000	-66.950852
3062.500000	-66.320548
3075.000000	-64.769198
3087.500000	-64.090093
3100.000000	-64.818478
3112.500000	-65.011486
3125.000000	-63.418793
3137.500000	-61.755874
3150.000000	-61.231017
3162.500000	-62.022571
3175.000000	-62.785186
3187.500000	-62.708370
3200.000000	-60.818954
3212.500000	-58.676973
3225.000000	-58.634699
3237.500000	-60.539622
3250.000000	-62.544332
3262.500000	-63.368058
3275.000000	-62.059699
3287.500000	-60.639393
3300.000000	-59.911770
3312.500000	-59.875286
3325.000000	-60.183120
3337.500000	-58.014231
3350.000000	-55.901266
3362.500000	-56.115797
3375.000000	-58.254097
3387.500000	-60.695330
3400.000000	-62.114872
3412.500000	-62.290856
3425.000000	-61.446363
3437.500000	-60.876593
3450.000000	-61.012975
3462.500000	-61.181896
3475.000000	-61.662792
3487.500000	-62.155731
3500.000000	-61.674910
3512.500000	-61.690926
3525.000000	-62.815954
3537.500000	-62.985986
3550.000000	-62.616522
3562.500000	-62.919804
3575.000000	-63.547738
3587.500000	-63.776352
3600.000000	-63.728548
3612.500000	-62.105821
3625.000000	-59.856464
3637.500000	-58.757356
3650.000000	-59.502996
3662.500000	-61.922176
3675.000000	-62.497557
3687.500000	-59.913782
3700.000000	-58.176715
3712.500000	-58.358227
3725.000000	-60.269323
3737.500000	-61.098143
3750.000000	-60.770630
3762.500000	-60.861653
3775.000000	-60.734190
3787.500000	-58.899416
3800.000000	-56.576864
3812.500000	-55.957908
3825.000000	-57.719630
3837.500000	-60.778166
3850.000000	-62.345682
3862.500000	-61.765691
3875.000000	-61.319222
3887.500000	-61.902320
3900.000000	-62.113447
3912.500000	-62.453372
3925.000000	-64.356041
3937.500000	-66.302042
3950.000000	-63.156675
3962.500000	-60.456566
3975.000000	-59.693092
3987.500000	-59.779229
4000.000000	-60.470062
4012.500000	-61.833154
4025.000000	-62.995988
4037.500000	-63.626916
4050.000000	-63.753446
4062.500000	-62.885933
4075.000000	-62.196353
4087.500000	-62.163677
4100.000000	-62.414341
4112.500000	-63.560368
4125.000000	-65.874002
4137.500000	-64.946450
4150.000000	-62.820576
4162.500000	-62.350985
4175.000000	-62.656499
4187.500000	-64.126722
4200.000000	-65.741399
4212.500000	-64.430925
4225.000000	-62.121483
4237.500000	-61.304552
4250.000000	-62.159497
4262.500000	-63.345981
4275.000000	-63.551703
4287.500000	-62.980300
4300.000000	-63.295056
4312.500000	-64.414727
4325.000000	-63.230181
4337.500000	-61.114806
4350.000000	-59.975118
4362.500000	-59.555463
4375.000000	-60.245806
4387.500000	-61.431350
4400.000000	-60.557439
4412.500000	-60.091100
4425.000000	-61.697639
4437.500000	-63.951406
4450.000000	-64.648352
4462.500000	-63.457515
4475.000000	-61.860017
4487.500000	-62.253846
4500.000000	-61.932793
4512.500000	-60.511760
4525.000000	-60.695752
4537.500000	-62.284161
4550.000000	-63.244911
4562.500000	-61.851237
4575.000000	-60.326008
4587.500000	-59.810913
4600.000000	-59.652009
4612.500000	-59.056204
4625.000000	-58.611715
4637.500000	-59.498126
4650.000000	-61.580192
4662.500000	-62.762875
4675.000000	-62.519509
4687.500000	-61.733182
4700.000000	-61.519183
4712.500000	-63.027800
4725.000000	-66.325834
4737.500000	-67.744746
4750.000000	-63.715298
4762.500000	-61.050356
4775.000000	-61.037914
4787.500000	-60.638739
4800.000000	-59.316176
4812.500000	-58.637488
4825.000000	-58.103333
4837.500000	-57.901420
4850.000000	-58.159998
4862.500000	-58.655637
4875.000000	-59.254244
4887.500000	-59.297931
4900.000000	-59.412500
4912.500000	-59.925733
4925.000000	-60.429706
4937.500000	-60.721398
4950.000000	-61.381896
4962.500000	-62.464072
4975.000000	-61.745277
4987.500000	-60.351784
5000.000000	-59.659431
5012.500000	-59.347606
5025.000000	-59.933794
5037.500000	-60.805309
5050.000000	-60.335284
5062.500000	-59.818352
5075.000000	-60.163331
5087.500000	-60.487548
5100.000000	-60.661681
5112.500000	-61.005649
5125.000000	-61.637733
5137.500000	-61.970461
5150.000000	-62.697048
5162.500000	-65.015347
5175.000000	-67.398792
5187.500000	-65.597852
5200.000000	-62.039371
5212.500000	-60.517682
5225.000000	-60.674702
5237.500000	-61.060788
5250.000000	-61.793620
5262.500000	-62.236495
5275.000000	-61.662314
5287.500000	-61.288798
5300.000000	-62.116834
5312.500000	-63.099687
5325.000000	-61.771704
5337.500000	-61.135475
5350.000000	-61.651415
5362.500000	-61.570886
5375.000000	-60.586964
5387.500000	-60.088081
5400.000000	-60.561591
5412.500000	-60.318085
5425.000000	-58.143810
5437.500000	-57.173036
5450.000000	-58.525181
5462.500000	-60.957127
5475.000000	-62.633450
5487.500000	-61.703453
5500.000000	-60.067812
5512.500000	-60.717329
5525.000000	-63.023423
5537.500000	-64.241966
5550.000000	-62.513185
5562.500000	-58.969604
5575.000000	-57.366935
5587.500000	-57.784523
5600.000000	-59.048324
5612.500000	-60.102557
5625.000000	-61.331286
5637.500000	-63.006030
5650.000000	-63.597618
5662.500000	-63.062332
5675.000000	-61.996355
5687.500000	-61.543853
5700.000000	-61.978816
5712.500000	-61.463043
5725.000000	-60.681331
5737.500000	-60.229026
5750.000000	-59.457831
5762.500000	-60.011248
5775.000000	-62.179217
5787.500000	-63.507408
5800.000000	-62.846033
5812.500000	-62.992223
5825.000000	-64.837605
5837.500000	-66.128588
5850.000000	-62.956224
5862.500000	-61.083574
5875.000000	-61.523805
5887.500000	-60.291233
5900.000000	-57.857989
5912.500000	-56.906116
5925.000000	-57.752217
5937.500000	-60.266565
5950.000000	-61.580475
5962.500000	-59.863973
5975.000000	-59.413620
5987.500000	-60.770946
6000.000000	-62.978484
6012.500000	-65.265742
6025.000000	-65.123469
6037.500000	-63.532831
6050.000000	-62.827133
6062.500000	-62.336978
6075.000000	-61.280965
6087.500000	-60.319231
6100.000000	-59.880741
6112.500000	-59.479076
6125.000000	-58.519548
6137.500000	-58.408720
6150.000000	-59.360914
6162.500000	-59.392917
6175.000000	-59.639015
6187.500000	-61.094596
6200.000000	-61.163652
6212.500000	-60.551312
6225.000000	-60.917666
6237.500000	-60.951288
6250.000000	-60.880977
6262.500000	-61.093987
6275.000000	-60.326741
6287.500000	-59.290633
6300.000000	-59.309224
6312.500000	-60.961308
6325.000000	-63.784375
6337.500000	-65.175837
6350.000000	-63.721274
6362.500000	-63.392531
6375.000000	-62.643129
6387.500000	-61.456121
6400.000000	-61.437129
6412.500000	-62.211653
6425.000000	-62.897882
6437.500000	-62.440610
6450.000000	-61.627085
6462.500000	-61.917130
6475.000000	-64.547524
6487.500000	-64.697345
6500.000000	-59.985588
6512.500000	-57.747882
6525.000000	-57.707613
6537.500000	-58.838401
6550.000000	-60.229558
6562.500000	-61.383037
6575.000000	-60.352099
6587.500000	-58.281430
6600.000000	-57.748503
6612.500000	-58.909762
6625.000000	-60.305861
6637.500000	-60.676673
6650.000000	-61.020854
6662.500000	-62.012678
6675.000000	-63.225195
6687.500000	-61.794013
6700.000000	-59.629967
6712.500000	-59.108734
6725.000000	-60.435509
6737.500000	-62.156224
6750.000000	-61.330092
6762.500000	-59.317724
6775.000000	-59.056709
6787.500000	-60.774155
6800.000000	-63.534674
6812.500000	-64.842829
6825.000000	-64.054474
6837.500000	-62.654219
6850.000000	-61.480980
6862.500000	-61.480103
6875.000000	-63.463681
6887.500000	-65.253114
6900.000000	-65.118563
6912.500000	-63.162636
6925.000000	-60.471049
6937.500000	-58.987469
6950.000000	-59.031751
6962.500000	-60.467062
6975.000000	-62.197816
6987.500000	-63.267676
7000.000000	-64.940951
7012.500000	-64.947189
7025.000000	-61.834553
7037.500000	-58.440735
7050.000000	-56.181930
7062.500000	-55.680368
7075.000000	-57.151766
7087.500000	-60.093281
7100.000000	-62.910315
7112.500000	-64.025920
7125.000000	-61.903344
7137.500000	-60.664681
7150.000000	-60.909978
7162.500000	-61.939299
7175.000000	-64.594195
7187.500000	-65.020718
7200.000000	-60.875255
7212.500000	-58.372739
7225.000000	-57.349586
7237.500000	-57.748628
7250.000000	-60.228079
7262.500000	-63.355979
7275.000000	-62.299361
7287.500000	-60.766557
7300.000000	-60.397492
7312.500000	-61.183102
7325.000000	-63.045974
7337.500000	-62.951037
7350.000000	-62.056841
7362.500000	-62.021717
7375.000000	-61.838650
7387.500000	-61.878956
7400.000000	-61.317847
7412.500000	-60.429516
7425.000000	-60.479992
7437.500000	-61.689755
7450.000000	-62.479394
7462.500000	-60.225217
7475.000000	-58.949831
7487.500000	-60.701609
7500.000000	-62.589603
7512.500000	-59.974909
7525.000000	-58.006417
7537.500000	-57.455148
7550.000000	-58.146741
7562.500000	-59.929649
7575.000000	-62.597903
7587.500000	-64.333907
7600.000000	-63.074000
7612.500000	-60.853240
7625.000000	-60.001067
7637.500000	-60.829011
7650.000000	-62.025738
7662.500000	-61.685248
7675.000000	-60.728737
7687.500000	-61.072777
7700.000000	-61.802538
7712.500000	-62.432825
7725.000000	-63.031085
7737.500000	-61.231815
7750.000000	-59.314077
7762.500000	-58.976913
7775.000000	-60.347239
7787.500000	-61.997861
7800.000000	-61.066201
7812.500000	-59.322531
7825.000000	-59.095345
7837.500000	-60.900345
7850.000000	-61.765704
7862.500000	-60.914131
7875.000000	-61.415691
7887.500000	-63.537376
7900.000000	-64.625956
7912.500000	-62.256835
7925.000000	-60.267673
7937.500000	-60.240566
7950.000000	-61.870061
7962.500000	-62.702378
7975.000000	-61.932446
7987.500000	-62.007446
8000.000000	-62.402738
8012.500000	-61.033372
8025.000000	-60.370038
8037.500000	-61.854817
8050.000000	-63.656122
8062.500000	-62.725373
8075.000000	-61.451020
8087.500000	-61.737921
8100.000000	-63.227282
8112.500000	-63.207049
8125.000000	-62.382242
8137.500000	-62.093954
8150.000000	-62.745956
8162.500000	-62.119204
8175.000000	-60.315013
8187.500000	-59.620241
8200.000000	-60.729160
8212.500000	-62.765215
8225.000000	-62.871390
8237.500000	-62.936588
8250.000000	-63.923302
8262.500000	-62.947002
8275.000000	-61.739368
8287.500000	-61.673307
8300.000000	-61.401463
8312.500000	-61.049933
8325.000000	-60.915921
8337.500000	-60.858890
8350.000000	-62.126756
8362.500000	-64.792870
8375.000000	-64.820933
8387.500000	-61.770846
8400.000000	-59.688469
8412.500000	-59.310763
8425.000000	-60.803579
8437.500000	-63.319390
8450.000000	-62.279498
8462.500000	-61.637020
8475.000000	-62.503917
8487.500000	-62.104864
8500.000000	-60.331351
8512.500000	-58.909492
8525.000000	-59.074715
8537.500000	-61.554557
8550.000000	-64.575786
8562.500000	-63.707173
8575.000000	-61.309024
8587.500000	-59.436285
8600.000000	-59.299586
8612.500000	-61.244238
8625.000000	-62.767668
8637.500000	-61.893145
8650.000000	-62.534251
8662.500000	-66.510477
8675.000000	-66.378573
8687.500000	-62.657580
8700.000000	-62.545352
8712.500000	-65.271921
8725.000000	-63.865298
8737.500000	-60.468469
8750.000000	-59.660924
8762.500000	-60.060957
8775.000000	-59.612191
8787.500000	-59.032488
8800.000000	-59.343810
8812.500000	-60.429173
8825.000000	-61.618292
8837.500000	-62.743702
8850.000000	-61.362369
8862.500000	-59.255001
8875.000000	-58.680107
8887.500000	-59.428447
8900.000000	-59.810609
8912.500000	-59.346494
8925.000000	-60.274149
8937.500000	-61.324358
8950.000000	-60.697578
8962.500000	-60.193951
8975.000000	-60.350887
8987.500000	-60.621321
9000.000000	-60.618474
9012.500000	-60.734617
9025.000000	-60.391312
9037.500000	-59.481813
9050.000000	-59.885031
9062.500000	-62.243174
9075.000000	-64.705421
9087.500000	-64.764042
9100.000000	-64.070067
9112.500000	-63.397592
9125.000000	-63.411784
9137.500000	-64.067653
9150.000000	-65.192860
9162.500000	-66.420558
9175.000000	-63.614645
9187.500000	-62.105215
9200.000000	-62.724899
9212.500000	-62.238228
9225.000000	-60.357221
9237.500000	-59.383514
9250.000000	-60.192468
9262.500000	-62.096804
9275.000000	-63.641513
9287.500000	-63.254004
9300.000000	-60.363457
9312.500000	-58.531444
9325.000000	-58.095277
9337.500000	-57.180082
9350.000000	-56.305431
9362.500000	-56.846359
9375.000000	-58.578628
9387.500000	-60.238555
9400.000000	-61.977186
9412.500000	-61.933022
9425.000000	-60.199673
9437.500000	-60.786069
9450.000000	-62.173531
9462.500000	-62.129947
9475.000000	-62.166029
9487.500000	-62.210751
9500.000000	-61.044884
9512.500000	-59.451784
9525.000000	-59.400141
9537.500000	-60.961463
9550.000000	-62.989133
9562.500000	-62.583358
9575.000000	-60.143116
9587.500000	-58.686536
9600.000000	-59.123139
9612.500000	-61.254668
9625.000000	-62.188362
9637.500000	-62.021713
9650.000000	-62.310935
9662.500000	-62.724186
9675.000000	-62.730354
9687.500000	-61.915848
9700.000000	-60.198749
9712.500000	-58.069659
9725.000000	-56.861710
9737.500000	-57.807636
9750.000000	-60.847863
9762.500000	-63.049529
9775.000000	-63.864603
9787.500000	-64.392847
9800.000000	-62.465264
9812.500000	-61.200916
9825.000000	-62.255907
9837.500000	-63.479045
9850.000000	-63.322237
9862.500000	-63.004591
9875.000000	-60.755708
9887.500000	-59.568379
9900.000000	-60.238444
9912.500000	-60.347359
9925.000000	-60.034401
9937.500000	-60.167514
9950.000000	-59.718807
9962.500000	-60.215657
9975.000000	-61.981098
9987.500000	-63.362792
10000.000000	-62.531769
10012.500000	-59.889169
10025.000000	-58.271426
10037.500000	-58.535062
10050.000000	-58.522879
10062.500000	-57.214806
10075.000000	-57.453953
10087.500000	-59.035950
10100.000000	-59.706419
10112.500000	-59.908957
10125.000000	-60.659732
10137.500000	-61.416220
10150.000000	-61.876341
10162.500000	-62.206392
10175.000000	-62.830236
10187.500000	-61.378658
10200.000000	-58.098135
10212.500000	-56.821690
10225.000000	-58.296615
10237.500000	-62.314872
10250.000000	-64.642455
10262.500000	-63.101427
10275.000000	-62.819338
10287.500000	-63.358286
10300.000000	-61.860096
10312.500000	-60.243554
10325.000000	-59.759557
10337.500000	-60.838360
10350.000000	-63.171167
10362.500000	-62.998096
10375.000000	-61.900662
10387.500000	-62.309857
10400.000000	-62.390734
10412.500000	-61.188065
10425.000000	-60.965771
10437.500000	-62.250439
10450.000000	-63.158220
10462.500000	-61.135224
10475.000000	-58.592439
10487.500000	-57.379541
10500.000000	-57.987324
10512.500000	-60.975898
10525.000000	-62.585025
10537.500000	-60.016002
10550.000000	-58.671032
10562.500000	-58.389402
10575.000000	-58.653791
10587.500000	-58.701425
10600.000000	-58.087657
10612.500000	-58.098292
10625.000000	-58.793483
10637.500000	-59.005469
10650.000000	-58.863686
10662.500000	-59.744051
10675.000000	-61.161565
10687.500000	-61.181795
10700.000000	-60.935659
10712.500000	-62.134934
10725.000000	-62.639102
10737.500000	-60.873574
10750.000000	-60.343856
10762.500000	-61.439672
10775.000000	-63.420790
10787.500000	-64.922330
10800.000000	-64.427373
10812.500000	-61.606984
10825.000000	-58.625258
10837.500000	-57.248150
10850.000000	-58.205696
10862.500000	-61.332625
10875.000000	-62.663718
10887.500000	-60.642636
10900.000000	-60.363615
10912.500000	-61.830437
10925.000000	-63.074078
10937.500000	-63.118759
10950.000000	-61.611808
10962.500000	-60.584803
10975.000000	-61.246853
10987.500000	-62.312486
11000.000000	-61.444848
11012.500000	-59.869723
11025.000000	-59.392563
11037.500000	-58.559983
11050.000000	-57.090401
11062.500000	-57.147244
11075.000000	-60.061197
11087.500000	-64.059669
11100.000000	-61.219097
11112.500000	-58.591694
11125.000000	-57.722428
11137.500000	-57.395733
11150.000000	-57.323852
11162.500000	-58.192769
11175.000000	-59.949969
11187.500000	-61.400853
11200.000000	-61.315958
11212.500000	-59.516682
11225.000000	-58.364563
11237.500000	-59.815137
11250.000000	-62.936060
11262.500000	-62.840657
11275.000000	-61.051498
11287.500000	-59.723547
11300.000000	-59.926321
11312.500000	-61.579601
11325.000000	-62.517369
11337.500000	-61.794353
11350.000000	-61.894801
11362.500000	-62.942762
11375.000000	-65.398841
11387.500000	-67.679453
11400.000000	-65.609171
11412.500000	-64.241464
11425.000000	-63.415434
11437.500000	-62.832221
11450.000000	-62.632003
11462.500000	-62.807438
11475.000000	-63.301941
11487.500000	-62.435300
11500.000000	-61.116610
11512.500000	-61.453578
11525.000000	-62.894418
11537.500000	-63.571100
11550.000000	-63.464586
11562.500000	-64.164880
11575.000000	-64.575102
11587.500000	-63.914889
11600.000000	-63.389184
11612.500000	-61.332117
11625.000000	-58.986145
11637.500000	-57.551672
11650.000000	-57.268345
11662.500000	-58.202754
11675.000000	-59.461828
11687.500000	-60.738004
11700.000000	-61.794806
11712.500000	-60.935685
11725.000000	-59.770613
11737.500000	-59.916149
11750.000000	-60.995200
11762.500000	-61.149769
11775.000000	-60.776840
11787.500000	-62.383012
11800.000000	-65.027155
11812.500000	-63.278670
11825.000000	-62.732246
11837.500000	-64.204770
11850.000000	-65.795117
11862.500000	-65.161848
11875.000000	-64.048695
11887.500000	-63.575961
11900.000000	-63.769195
11912.500000	-64.371812
11925.000000	-64.214126
11937.500000	-62.892461
11950.000000	-61.798699
11962.500000	-62.051698
11975.000000	-63.600783
11987.500000	-64.158761
12000.000000	-61.495936
12012.500000	-59.306332
12025.000000	-59.048384
12037.500000	-60.606478
12050.000000	-62.490895
12062.500000	-62.591113
12075.000000	-61.428720
12087.500000	-59.993568
12100.000000	-59.790113
12112.500000	-60.886511
12125.000000	-60.890916
12137.500000	-57.991681
12150.000000	-55.195440
12162.500000	-54.697761
12175.000000	-56.896705
12187.500000	-60.943710
12200.000000	-62.964614
12212.500000	-61.401867
12225.000000	-59.494989
12237.500000	-59.302147
12250.000000	-61.079431
12262.500000	-64.305314
12275.000000	-65.848530
12287.500000	-62.976623
12300.000000	-60.840598
12312.500000	-60.696072
12325.000000	-62.118203
12337.500000	-62.261581
12350.000000	-61.103231
12362.500000	-61.222624
12375.000000	-62.282619
12387.500000	-62.967207
12400.000000	-63.082768
12412.500000	-62.792115
12425.000000	-62.431809
12437.500000	-63.155625
12450.000000	-64.510348
12462.500000	-64.491688
12475.000000	-62.522990
12487.500000	-60.627999
12500.000000	-60.187964
12512.500000	-62.089103
12525.000000	-65.235789
12537.500000	-65.876866
12550.000000	-65.252518
12562.500000	-64.335954
12575.000000	-62.715716
12587.500000	-60.226494
12600.000000	-58.913674
12612.500000	-58.855852
12625.000000	-59.596967
12637.500000	-60.834828
12650.000000	-62.428782
12662.500000	-64.207765
12675.000000	-65.060155
12687.500000	-63.517859
12700.000000	-60.398522
12712.500000	-58.227022
12725.000000	-58.327269
12737.500000	-60.289117
12750.000000	-61.664901
12762.500000	-63.028552
12775.000000	-64.033295
12787.500000	-62.516409
12800.000000	-63.043005
12812.500000	-65.615435
12825.000000	-64.884735
12837.500000	-62.099790
12850.000000	-59.841076
12862.500000	-58.813415
12875.000000	-59.323911
12887.500000	-60.284614
12900.000000	-60.371449
12912.500000	-60.196647
12925.000000	-60.607256
12937.500000	-61.644900
12950.000000	-62.447377
12962.500000	-62.435892
12975.000000	-61.754497
12987.500000	-61.822535
13000.000000	-63.497104
13012.500000	-66.070650
13025.000000	-65.568512
13037.500000	-63.041476
13050.000000	-61.452622
13062.500000	-61.498715
13075.000000	-62.499402
13087.500000	-63.665497
13100.000000	-65.061914
13112.500000	-64.782140
13125.000000	-63.133950
13137.500000	-62.134575
13150.000000	-62.520549
13162.500000	-62.545285
13175.000000	-61.932064
13187.500000	-63.188773
13200.000000	-63.609482
13212.500000	-62.703204
13225.000000	-65.147507
13237.500000	-65.718008
13250.000000	-60.695407
13262.500000	-58.098260
13275.000000	-57.809020
13287.500000	-59.004403
13300.000000	-60.396990
13312.500000	-61.110694
13325.000000	-60.809715
13337.500000	-61.371662
13350.000000	-63.041136
13362.500000	-63.106922
13375.000000	-62.175568
13387.500000	-61.726619
13400.000000	-61.895471
13412.500000	-62.045707
13425.000000	-62.150032
13437.500000	-62.024849
13450.000000	-61.388591
13462.500000	-60.255740
13475.000000	-59.870062
13487.500000	-60.899935
13500.000000	-62.180254
13512.500000	-62.842949
13525.000000	-62.408695
13537.500000	-61.191117
13550.000000	-60.751944
13562.500000	-62.079256
13575.000000	-62.761004
13587.500000	-61.590037
13600.000000	-60.504162
13612.500000	-59.834203
13625.000000	-60.933116
13637.500000	-64.445483
13650.000000	-66.041643
13662.500000	-64.436628
13675.000000	-61.639152
13687.500000	-60.105522
13700.000000	-60.541233
13712.500000	-61.433722
13725.000000	-61.670808
13737.500000	-63.604166
13750.000000	-66.981279
13762.500000	-63.852386
13775.000000	-59.405334
13787.500000	-56.759856
13800.000000	-56.295201
13812.500000	-57.870118
13825.000000	-59.841222
13837.500000	-60.779885
13850.000000	-62.551996
13862.500000	-64.308108
13875.000000	-62.409382
13887.500000	-61.278616
13900.000000	-61.653434
13912.500000	-62.901777
13925.000000	-64.193653
13937.500000	-61.981660
13950.000000	-59.382862
13962.500000	-58.800599
13975.000000	-59.312860
13987.500000	-60.034448
14000.000000	-60.996090
14012.500000	-61.670234
14025.000000	-61.980022
14037.500000	-62.757819
14050.000000	-64.086421
14062.500000	-64.002324
14075.000000	-62.817290
14087.500000	-61.502048
14100.000000	-59.326270
14112.500000	-58.169705
14125.000000	-58.969354
14137.500000	-60.781276
14150.000000	-62.725306
14162.500000	-64.053387
14175.000000	-62.885501
14187.500000	-62.811648
14200.000000	-64.362799
14212.500000	-62.031585
14225.000000	-56.553363
14237.500000	-53.507487
14250.000000	-53.470736
14262.500000	-56.198715
14275.000000	-61.230726
14287.500000	-64.918999
14300.000000	-62.962197
14312.500000	-62.657487
14325.000000	-63.185007
14337.500000	-62.351848
14350.000000	-61.621241
14362.500000	-60.966809
14375.000000	-60.668946
14387.500000	-62.005995
14400.000000	-62.363811
14412.500000	-61.232256
14425.000000	-60.767052
14437.500000	-61.381534
14450.000000	-63.237739
14462.500000	-62.642876
14475.000000	-60.395937
14487.500000	-60.317734
14500.000000	-62.123359
14512.500000	-64.234833
14525.000000	-64.796085
14537.500000	-64.368098
14550.000000	-63.916688
14562.500000	-64.503530
14575.000000	-65.357036
14587.500000	-64.183879
14600.000000	-62.399657
14612.500000	-60.996908
14625.000000	-60.722129
14637.500000	-61.175324
14650.000000	-61.667490
14662.500000	-62.636788
14675.000000	-63.657879
14687.500000	-61.623401
14700.000000	-59.682728
14712.500000	-59.313520
14725.000000	-59.563766
14737.500000	-61.278435
14750.000000	-64.828109
14762.500000	-63.162063
14775.000000	-60.451959
14787.500000	-60.088824
14800.000000	-60.818652
14812.500000	-60.325770
14825.000000	-59.198074
14837.500000	-59.141752
14850.000000	-59.780728
14862.500000	-60.248646
14875.000000	-61.263879
14887.500000	-62.683776
14900.000000	-62.891931
14912.500000	-62.716201
14925.000000	-63.426405
14937.500000	-64.650181
14950.000000	-65.186547
14962.500000	-64.749422
14975.000000	-63.229802
14987.500000	-60.031271
15000.000000	-57.625236
15012.500000	-57.072296
15025.000000	-57.733772
15037.500000	-58.452730
15050.000000	-58.452753
15062.500000	-58.143954
15075.000000	-58.604996
15087.500000	-60.574655
15100.000000	-64.004474
15112.500000	-63.625871
15125.000000	-61.625895
15137.500000	-61.482794
15150.000000	-61.545047
15162.500000	-61.119447
15175.000000	-61.469833
15187.500000	-62.723481
15200.000000	-61.478354
15212.500000	-59.349883
15225.000000	-59.056211
15237.500000	-59.183304
15250.000000	-58.769762
15262.500000	-58.741000
15275.000000	-58.874402
15287.500000	-59.007786
15300.000000	-60.090144
15312.500000	-61.510649
15325.000000	-61.470677
15337.500000	-60.730510
15350.000000	-61.329566
15362.500000	-61.836668
15375.000000	-59.292906
15387.500000	-58.222263
15400.000000	-59.471948
15412.500000	-61.436950
15425.000000	-63.279244
15437.500000	-64.835249
15450.000000	-63.916518
15462.500000	-61.885117
15475.000000	-60.548267
15487.500000	-60.918939
15500.000000	-62.705209
15512.500000	-63.456211
15525.000000	-63.026552
15537.500000	-62.351046
15550.000000	-61.160700
15562.500000	-60.333990
15575.000000	-60.252071
15587.500000	-60.939650
15600.000000	-61.787122
15612.500000	-61.858695
15625.000000	-61.810170
15637.500000	-62.174641
15650.000000	-61.972734
15662.500000	-61.465071
15675.000000	-60.508577
15687.500000	-59.661834
15700.000000	-60.653686
15712.500000	-62.378415
15725.000000	-61.276550
15737.500000	-60.873544
15750.000000	-62.811081
15762.500000	-64.649954
15775.000000	-64.312595
15787.500000	-61.555829
15800.000000	-59.931868
15812.500000	-60.796894
15825.000000	-62.145939
15837.500000	-62.142147
15850.000000	-61.496453
15862.500000	-60.096232
15875.000000	-59.450347
15887.500000	-60.256438
15900.000000	-62.156404
15912.500000	-65.153083
15925.000000	-64.840705
15937.500000	-63.183954
15950.000000	-64.285015
15962.500000	-65.476192
15975.000000	-64.113317
15987.500000	-62.596838
16000.000000	-61.937688
16012.500000	-61.990552
16025.000000	-62.290725
16037.500000	-62.586217
16050.000000	-63.588496
16062.500000	-64.669883
16075.000000	-63.286726
16087.500000	-61.061178
16100.000000	-60.573166
16112.500000	-61.521024
16125.000000	-62.791442
16137.500000	-62.567258
16150.000000	-60.591789
16162.500000	-58.887189
16175.000000	-58.723848
16187.500000	-59.808495
16200.000000	-61.037182
16212.500000	-61.379047
16225.000000	-60.408334
16237.500000	-59.743458
16250.000000	-60.703122
16262.500000	-63.172039
16275.000000	-65.031355
16287.500000	-62.552486
16300.000000	-56.979974
16312.500000	-53.308584
16325.000000	-52.717599
16337.500000	-55.224603
16350.000000	-58.865448
16362.500000	-60.847860
16375.000000	-62.238280
16387.500000	-62.345459
16400.000000	-61.004402
16412.500000	-60.190745
16425.000000	-61.004695
16437.500000	-62.028030
16450.000000	-61.961660
16462.500000	-60.970692
16475.000000	-60.521162
16487.500000	-61.949228
16500.000000	-63.266143
16512.500000	-62.411858
16525.000000	-61.429749
16537.500000	-60.786617
16550.000000	-60.366435
16562.500000	-60.941923
16575.000000	-62.769975
16587.500000	-63.414841
16600.000000	-63.313682
16612.500000	-64.775631
16625.000000	-65.109985
16637.500000	-62.754674
16650.000000	-60.865566
16662.500000	-60.554230
16675.000000	-61.207879
16687.500000	-60.387528
16700.000000	-59.829563
16712.500000	-60.875675
16725.000000	-62.462292
16737.500000	-62.504813
16750.000000	-61.038715
16762.500000	-58.682442
16775.000000	-55.232290
16787.500000	-53.657076
16800.000000	-55.259662
16812.500000	-58.795929
16825.000000	-58.992212
16837.500000	-58.352203
16850.000000	-59.446205
16862.500000	-61.845622
16875.000000	-63.211347
16887.500000	-62.095851
16900.000000	-61.857711
16912.500000	-63.880749
16925.000000	-66.330565
16937.500000	-65.030777
16950.000000	-64.331334
16962.500000	-63.667275
16975.000000	-61.738488
16987.500000	-61.062921
17000.000000	-61.521909
17012.500000	-63.191550
17025.000000	-65.558339
17037.500000	-65.904218
17050.000000	-65.291040
17062.500000	-62.798963
17075.000000	-61.392150
17087.500000	-61.174586
17100.000000	-60.393908
17112.500000	-59.576870
17125.000000	-59.386964
17137.500000	-60.309797
17150.000000	-61.927407
17162.500000	-62.307108
17175.000000	-61.020038
17187.500000	-60.534556
17200.000000	-61.568965
17212.500000	-62.625267
17225.000000	-60.905508
17237.500000	-58.292474
17250.000000	-57.103690
17262.500000	-57.616729
17275.000000	-58.345187
17287.500000	-58.600909
17300.000000	-59.011894
17312.500000	-59.485617
17325.000000	-60.062492
17337.500000	-60.436890
17350.000000	-61.061700
17362.500000	-63.211519
17375.000000	-64.688459
17387.500000	-62.798948
17400.000000	-62.288720
17412.500000	-63.874991
17425.000000	-66.122411
17437.500000	-66.191665
17450.000000	-64.803832
17462.500000	-63.421399
17475.000000	-63.229600
17487.500000	-62.305609
17500.000000	-60.482572
17512.500000	-60.196421
17525.000000	-61.681198
17537.500000	-63.091298
17550.000000	-62.136740
17562.500000	-61.918618
17575.000000	-62.929985
17587.500000	-61.948909
17600.000000	-59.862732
17612.500000	-58.468032
17625.000000	-58.388317
17637.500000	-59.824181
17650.000000	-61.820545
17662.500000	-62.611663
17675.000000	-63.202864
17687.500000	-63.947759
17700.000000	-63.283347
17712.500000	-62.258181
17725.000000	-61.181749
17737.500000	-60.602407
17750.000000	-61.753605
17762.500000	-63.020724
17775.000000	-60.811865
17787.500000	-58.993768
17800.000000	-59.085111
17812.500000	-60.957465
17825.000000	-63.608502
17837.500000	-64.462012
17850.000000	-63.757465
17862.500000	-63.558550
17875.000000	-63.646062
17887.500000	-61.469523
17900.000000	-58.924883
17912.500000	-58.493630
17925.000000	-60.835018
17937.500000	-63.684275
17950.000000	-62.151214
17962.500000	-61.928964
17975.000000	-63.727561
17987.500000	-63.961225
18000.000000	-62.843248
18012.500000	-62.132551
18025.000000	-60.971479
18037.500000	-59.850936
18050.000000	-58.970372
18062.500000	-58.909110
18075.000000	-60.056669
18087.500000	-61.345659
18100.000000	-61.941340
18112.500000	-60.952068
18125.000000	-58.471593
18137.500000	-56.753276
18150.000000	-56.351604
18162.500000	-56.592927
18175.000000	-56.694422
18187.500000	-57.030631
18200.000000	-57.913819
18212.500000	-58.742472
18225.000000	-59.406025
18237.500000	-60.429533
18250.000000	-61.242309
18262.500000	-61.589123
18275.000000	-62.598544
18287.500000	-63.982389
18300.000000	-65.195877
18312.500000	-64.212525
18325.000000	-61.956910
18337.500000	-61.106170
18350.000000	-61.788985
18362.500000	-62.814519
18375.000000	-61.549444
18387.500000	-58.052200
18400.000000	-56.082391
18412.500000	-56.801598
18425.000000	-59.067965
18437.500000	-58.837667
18450.000000	-57.752160
18462.500000	-58.840193
18475.000000	-61.926948
18487.500000	-62.850544
18500.000000	-61.704247
18512.500000	-61.792939
18525.000000	-62.262976
18537.500000	-62.609390
18550.000000	-63.237536
18562.500000	-64.492580
18575.000000	-65.452068
18587.500000	-62.828262
18600.000000	-61.868588
18612.500000	-59.892141
18625.000000	-56.879695
18637.500000	-56.569461
18650.000000	-58.178120
18662.500000	-60.091029
18675.000000	-61.608083
18687.500000	-61.955922
18700.000000	-61.359478
18712.500000	-60.211096
18725.000000	-59.073083
18737.500000	-59.150667
18750.000000	-60.555496
18762.500000	-62.326411
18775.000000	-62.738069
18787.500000	-62.227774
18800.000000	-62.002764
18812.500000	-61.942614
18825.000000	-60.865464
18837.500000	-52.797522
18850.000000	-43.759666
18862.500000	-38.453876
18875.000000	-37.112215
18887.500000	-39.707992
18900.000000	-46.407660
18912.500000	-56.606338
18925.000000	-61.460925
18937.500000	-63.027875
18950.000000	-64.904205
18962.500000	-63.622387
18975.000000	-62.438945
18987.500000	-62.189664
19000.000000	-62.834034
19012.500000	-62.785625
19025.000000	-61.662592
19037.500000	-60.828821
19050.000000	-59.788342
19062.500000	-60.021490
19075.000000	-62.201964
19087.500000	-62.872247
19100.000000	-60.896465
19112.500000	-60.840504
19125.000000	-62.334385
19137.500000	-61.802829
19150.000000	-60.923917
19162.500000	-62.073497
19175.000000	-64.123667
19187.500000	-64.136801
19200.000000	-63.280171
19212.500000	-61.643808
19225.000000	-59.961205
19237.500000	-59.627112
19250.000000	-60.989226
19262.500000	-62.780157
19275.000000	-63.363155
19287.500000	-63.266986
19300.000000	-63.145191
19312.500000	-62.827338
19325.000000	-61.252616
19337.500000	-59.964009
19350.000000	-60.281595
19362.500000	-61.976818
19375.000000	-64.604035
19387.500000	-65.652640
19400.000000	-63.378923
19412.500000	-62.037210
19425.000000	-62.046256
19437.500000	-62.429141
19450.000000	-63.668020
19462.500000	-64.778680
19475.000000	-63.777501
19487.500000	-62.494818
19500.000000	-60.991216
19512.500000	-59.783189
19525.000000	-59.483774
19537.500000	-59.106661
19550.000000	-57.237290
19562.500000	-55.453186
19575.000000	-55.553273
19587.500000	-57.804718
19600.000000	-61.365664
19612.500000	-63.158742
19625.000000	-63.466838
19637.500000	-63.945510
19650.000000	-62.769571
19662.500000	-60.890429
19675.000000	-61.919368
19687.500000	-65.611879
19700.000000	-65.672138
19712.500000	-65.546706
19725.000000	-64.394709
19737.500000	-62.456040
19750.000000	-61.224502
19762.500000	-60.327376
19775.000000	-59.644393
19787.500000	-59.537704
19800.000000	-60.117177
19812.500000	-60.942702
19825.000000	-61.224598
19837.500000	-60.799747
19850.000000	-60.266170
19862.500000	-60.029195
19875.000000	-59.991218
19887.500000	-60.002292
19900.000000	-59.864130
19912.500000	-59.836434
19925.000000	-60.569956
19937.500000	-61.403594
19950.000000	-61.531612
19962.500000	-61.898994
19975.000000	-62.927327
19987.500000	-62.431439
20000.000000	-60.426080
20012.500000	-59.825382
20025.000000	-60.836398
20037.500000	-60.878252
20050.000000	-60.247414
20062.500000	-61.151267
20075.000000	-60.583344
20087.500000	-59.232000
20100.000000	-59.423925
20112.500000	-60.310917
20125.000000	-60.778194
20137.500000	-60.069955
20150.000000	-58.983210
20162.500000	-58.744377
20175.000000	-59.447143
20187.500000	-60.940146
20200.000000	-63.634347
20212.500000	-64.523985
20225.000000	-63.136578
20237.500000	-61.402784
20250.000000	-60.492909
20262.500000	-61.661048
20275.000000	-64.627078
20287.500000	-65.656696
20300.000000	-63.811350
20312.500000	-62.695164
20325.000000	-62.767410
20337.500000	-63.512156
20350.000000	-63.882551
20362.500000	-62.285539
20375.000000	-60.424606
20387.500000	-59.885098
20400.000000	-60.806128
20412.500000	-62.385924
20425.000000	-62.645051
20437.500000	-61.931969
20450.000000	-61.997771
20462.500000	-60.540022
20475.000000	-55.836899
20487.500000	-52.740145
20500.000000	-52.518603
20512.500000	-54.590669
20525.000000	-57.290919
20537.500000	-59.567009
20550.000000	-60.858398
20562.500000	-61.120305
20575.000000	-61.422226
20587.500000	-62.197346
20600.000000	-63.031909
20612.500000	-64.377229
20625.000000	-65.242885
20637.500000	-64.633319
20650.000000	-63.726799
20662.500000	-63.214582
20675.000000	-62.439667
20687.500000	-61.473322
20700.000000	-61.120632
20712.500000	-61.599740
20725.000000	-62.898124
20737.500000	-62.900771
20750.000000	-60.680299
20762.500000	-59.405137
20775.000000	-59.421487
20787.500000	-59.536306
20800.000000	-59.440073
20812.500000	-59.449052
20825.000000	-59.417631
20837.500000	-59.468609
20850.000000	-60.442873
20862.500000	-62.492732
20875.000000	-63.228444
20887.500000	-62.074307
20900.000000	-58.365793
20912.500000	-45.956727
20925.000000	-33.838139
20937.500000	-25.919531
20950.000000	-22.067636
20962.500000	-22.104235
20975.000000	-26.057906
20987.500000	-34.210142
21000.000000	-47.185786
21012.500000	-63.865379
21025.000000	-65.939720
21037.500000	-62.780658
21050.000000	-60.702822
21062.500000	-59.649899
21075.000000	-59.383349
21087.500000	-60.093297
21100.000000	-61.389275
21112.500000	-61.095515
21125.000000	-59.156989
21137.500000	-58.040228
21150.000000	-58.647775
21162.500000	-60.360024
21175.000000	-61.033202
21187.500000	-59.877621
21200.000000	-59.599721
21212.500000	-59.804481
21225.000000	-59.081195
21237.500000	-58.858238
21250.000000	-59.798624
21262.500000	-61.320805
21275.000000	-62.512613
21287.500000	-61.579691
21300.000000	-60.207760
21312.500000	-61.023041
21325.000000	-64.299651
21337.500000	-65.591768
21350.000000	-63.144256
21362.500000	-62.116538
21375.000000	-63.377090
21387.500000	-64.811867
21400.000000	-63.198282
21412.500000	-61.585458
21425.000000	-62.178758
21437.500000	-63.761718
21450.000000	-63.200666
21462.500000	-61.737622
21475.000000	-61.159047
21487.500000	-61.571441
21500.000000	-61.811729
21512.500000	-61.884167
21525.000000	-60.631505
21537.500000	-59.375510
21550.000000	-59.120901
21562.500000	-59.326657
21575.000000	-59.655283
21587.500000	-60.015134
21600.000000	-60.589130
21612.500000	-60.650333
21625.000000	-58.601314
21637.500000	-56.126565
21650.000000	-55.814383
21662.500000	-58.171872
21675.000000	-61.904956
21687.500000	-64.641328
21700.000000	-65.784350
21712.500000	-65.130151
21725.000000	-63.067642
21737.500000	-62.294986
21750.000000	-63.476230
21762.500000	-64.655070
21775.000000	-65.243063
21787.500000	-66.803959
21800.000000	-67.471393
21812.500000	-64.812140
21825.000000	-62.638228
21837.500000	-62.087699
21850.000000	-62.475566
21862.500000	-62.502050
21875.000000	-61.748890
21887.500000	-60.941256
21900.000000	-60.339588
21912.500000	-59.754602
21925.000000	-59.543663
21937.500000	-60.240775
21950.000000	-61.562829
21962.500000	-62.570162
21975.000000	-62.975589
21987.500000	-63.996832
22000.000000	-64.873245
22012.500000	-64.446521
22025.000000	-64.139488
22037.500000	-62.581695
22050.000000	-60.494913
22062.500000	-58.922899
22075.000000	-57.974280
22087.500000	-58.028281
22100.000000	-59.516253
22112.500000	-62.048246
22125.000000	-63.378506
22137.500000	-62.953423
22150.000000	-62.383679
22162.500000	-60.832698
22175.000000	-60.039390
22187.500000	-61.935357
22200.000000	-66.159309
22212.500000	-66.294446
22225.000000	-63.832507
22237.500000	-62.906953
22250.000000	-62.808220
22262.500000	-63.546653
22275.000000	-65.092902
22287.500000	-64.515572
22300.000000	-63.545412
22312.500000	-63.077654
22325.000000	-62.688479
22337.500000	-62.977296
22350.000000	-62.917697
22362.500000	-62.310604
22375.000000	-61.248399
22387.500000	-60.637720
22400.000000	-59.266266
22412.500000	-57.043827
22425.000000	-56.225205
22437.500000	-57.494862
22450.000000	-60.455174
22462.500000	-62.966735
22475.000000	-64.687179
22487.500000	-65.029554
22500.000000	-62.691693
22512.500000	-62.288648
22525.000000	-62.386058
22537.500000	-60.631618
22550.000000	-59.087310
22562.500000	-58.574178
22575.000000	-58.970116
22587.500000	-60.894934
22600.000000	-64.116571
22612.500000	-65.378657
22625.000000	-62.851781
22637.500000	-61.232763
22650.000000	-62.030610
22662.500000	-62.997224
22675.000000	-62.865075
22687.500000	-62.682006
22700.000000	-61.887304
22712.500000	-62.352744
22725.000000	-62.067141
22737.500000	-59.247327
22750.000000	-57.705288
22762.500000	-57.661719
22775.000000	-58.345328
22787.500000	-59.133265
22800.000000	-59.493796
22812.500000	-59.882279
22825.000000	-61.415228
22837.500000	-63.352092
22850.000000	-63.917782
22862.500000	-63.617415
22875.000000	-62.713408
22887.500000	-61.336258
22900.000000	-59.710566
22912.500000	-58.209249
22925.000000	-57.199906
22937.500000	-56.696004
22950.000000	-55.724796
22962.500000	-54.065607
22975.000000	-52.046577
22987.500000	-43.921983
23000.000000	-30.014432
23012.500000	-19.267061
23025.000000	-12.714168
23037.500000	-10.144983
23050.000000	-11.454633
23062.500000	-16.766428
23075.000000	-26.551344
23087.500000	-41.921856
23100.000000	-52.382044
23112.500000	-53.761087
23125.000000	-55.608525
23137.500000	-56.597059
23150.000000	-56.736345
23162.500000	-57.569231
23175.000000	-58.723759
23187.500000	-58.376575
23200.000000	-57.969358
23212.500000	-57.908198
23225.000000	-57.564943
23237.500000	-57.555545
23250.000000	-58.236488
23262.500000	-59.090022
23275.000000	-60.207702
23287.500000	-61.250196
23300.000000	-61.041698
23312.500000	-60.317991
23325.000000	-59.641917
23337.500000	-59.366482
23350.000000	-60.085009
23362.500000	-61.583715
23375.000000	-62.307206
23387.500000	-62.029014
23400.000000	-60.666742
23412.500000	-59.693183
23425.000000	-60.478928
23437.500000	-61.868469
23450.000000	-62.228265
23462.500000	-63.204550
23475.000000	-64.795032
23487.500000	-63.353102
23500.000000	-60.872556
23512.500000	-59.627116
23525.000000	-60.235257
23537.500000	-61.207606
23550.000000	-61.226075
23562.500000	-61.492984
23575.000000	-63.024165
23587.500000	-63.570491
23600.000000	-61.608772
23612.500000	-61.125432
23625.000000	-61.449104
23637.500000	-61.578097
23650.000000	-62.713648
23662.500000	-64.290023
23675.000000	-63.052985
23687.500000	-62.647375
23700.000000	-64.230947
23712.500000	-64.834518
23725.000000	-63.438122
23737.500000	-63.944331
23750.000000	-64.417801
23762.500000	-61.800596
23775.000000	-61.752963
23787.500000	-62.390507
23800.000000	-61.062705
23812.500000	-59.636999
23825.000000	-58.956876
23837.500000	-59.379346
23850.000000	-60.229664
23862.500000	-60.899152
23875.000000	-62.288679
23887.500000	-64.737106
23900.000000	-65.084580
23912.500000	-62.725739
23925.000000	-61.346735
23937.500000	-62.208991
23950.000000	-63.849929
23962.500000	-62.614754
23975.000000	-61.621593
23987.500000	-61.654619
24000.000000	-61.233852
24012.500000	-61.268318
24025.000000	-62.127210
24037.500000	-63.973749
24050.000000	-65.622355
24062.500000	-64.120819
24075.000000	-62.106902
24087.500000	-61.439855
24100.000000	-61.088013
24112.500000	-60.695386
24125.000000	-61.806266
24137.500000	-63.470123
24150.000000	-64.247501
24162.500000	-64.833697
24175.000000	-62.757755
24187.500000	-60.493580
24200.000000	-59.475591
24212.500000	-59.746124
24225.000000	-60.989633
24237.500000	-61.828635
24250.000000	-62.543833
24262.500000	-63.504480
24275.000000	-63.311107
24287.500000	-62.344039
24300.000000	-61.347777
24312.500000	-61.068788
24325.000000	-61.086106
24337.500000	-60.472733
24350.000000	-59.657620
24362.500000	-59.249793
24375.000000	-59.253842
24387.500000	-58.649495
24400.000000	-57.598623
24412.500000	-57.602529
24425.000000	-58.857812
24437.500000	-59.762007
24450.000000	-59.521003
24462.500000	-59.438704
24475.000000	-59.655779
24487.500000	-59.921003
24500.000000	-60.534633
24512.500000	-61.047125
24525.000000	-60.722464
24537.500000	-59.886301
24550.000000	-59.156966
24562.500000	-59.616010
24575.000000	-61.884949
24587.500000	-62.736102
24600.000000	-61.804785
24612.500000	-62.765970
24625.000000	-62.170232
24637.500000	-57.880877
24650.000000	-54.962335
24662.500000	-55.289782
24675.000000	-58.448383
24687.500000	-60.881319
24700.000000	-61.465542
24712.500000	-62.230785
24725.000000	-62.774945
24737.500000	-61.257592
24750.000000	-59.598966
24762.500000	-59.596797
24775.000000	-61.104857
24787.500000	-62.295578
24800.000000	-61.462941
24812.500000	-60.022346
24825.000000	-59.067971
24837.500000	-59.392289
24850.000000	-60.886486
24862.500000	-61.874434
24875.000000	-61.834605
24887.500000	-60.993589
24900.000000	-60.234512
24912.500000	-59.770442
24925.000000	-60.538907
24937.500000	-60.358885
24950.000000	-58.592587
24962.500000	-57.787761
24975.000000	-57.108263
24987.500000	-55.656575
25000.000000	-53.804849
25012.500000	-52.640315
25025.000000	-51.836441
25037.500000	-50.405589
25050.000000	-48.709823
25062.500000	-45.547624
25075.000000	-34.603584
25087.500000	-21.424330
25100.000000	-12.073541
25112.500000	-6.857704
25125.000000	-5.573116
25137.500000	-8.179660
25150.000000	-14.884694
25162.500000	-26.291429
25175.000000	-43.239920
25187.500000	-50.531505
25200.000000	-52.560738
25212.500000	-53.864139
25225.000000	-54.335133
25237.500000	-54.761792
25250.000000	-55.838195
25262.500000	-57.694292
25275.000000	-58.821023
25287.500000	-59.155805
25300.000000	-59.249664
25312.500000	-59.514051
25325.000000	-60.589693
25337.500000	-60.914539
25350.000000	-60.157996
25362.500000	-59.609987
25375.000000	-59.112836
25387.500000	-58.810390
25400.000000	-59.178405
25412.500000	-60.033724
25425.000000	-61.484889
25437.500000	-62.439865
25450.000000	-61.718685
25462.500000	-61.349548
25475.000000	-60.855286
25487.500000	-59.721553
25500.000000	-59.755814
25512.500000	-61.358641
25525.000000	-63.163926
25537.500000	-64.062709
25550.000000	-64.168570
25562.500000	-62.627116
25575.000000	-59.340978
25587.500000	-57.536324
25600.000000	-57.891793
25612.500000	-59.373407
25625.000000	-61.503502
25637.500000	-62.776779
25650.000000	-61.550894
25662.500000	-59.867257
25675.000000	-59.444926
25687.500000	-60.049621
25700.000000	-60.472856
25712.500000	-61.682046
25725.000000	-63.344323
25737.500000	-62.997427
25750.000000	-62.440090
25762.500000	-62.128817
25775.000000	-61.435436
25787.500000	-60.939129
25800.000000	-61.142534
25812.500000	-61.328584
25825.000000	-61.290699
25837.500000	-61.288828
25850.000000	-61.679550
25862.500000	-62.960990
25875.000000	-64.188852
25887.500000	-63.577112
25900.000000	-61.973564
25912.500000	-60.584511
25925.000000	-59.205074
25937.500000	-58.171588
25950.000000	-58.502262
25962.500000	-60.368687
25975.000000	-61.775088
25987.500000	-62.249122
26000.000000	-63.892333
26012.500000	-62.053370
26025.000000	-59.185013
26037.500000	-57.745698
26050.000000	-57.744110
26062.500000	-59.605685
26075.000000	-62.125615
26087.500000	-60.424671
26100.000000	-57.949419
26112.500000	-56.693779
26125.000000	-56.558763
26137.500000	-57.881139
26150.000000	-60.904194
26162.500000	-64.361682
26175.000000	-64.793142
26187.500000	-62.298981
26200.000000	-60.660392
26212.500000	-61.330188
26225.000000	-64.072976
26237.500000	-66.169324
26250.000000	-64.262103
26262.500000	-61.298400
26275.000000	-60.265950
26287.500000	-61.686340
26300.000000	-64.271962
26312.500000	-62.499354
26325.000000	-60.987550
26337.500000	-61.695266
26350.000000	-62.810365
26362.500000	-62.266625
26375.000000	-60.948388
26387.500000	-61.665291
26400.000000	-64.162840
26412.500000	-62.580926
26425.000000	-59.621289
26437.500000	-58.301185
26450.000000	-58.658321
26462.500000	-60.446768
26475.000000	-63.432153
26487.500000	-65.917314
26500.000000	-64.600961
26512.500000	-62.490629
26525.000000	-61.813819
26537.500000	-63.430330
26550.000000	-65.420269
26562.500000	-63.237090
26575.000000	-60.119564
26587.500000	-58.596164
26600.000000	-58.627324
26612.500000	-58.953711
26625.000000	-59.526067
26637.500000	-61.489576
26650.000000	-64.060878
26662.500000	-63.818918
26675.000000	-62.970916
26687.500000	-62.726975
26700.000000	-61.627013
26712.500000	-58.478062
26725.000000	-54.221768
26737.500000	-51.579523
26750.000000	-51.767979
26762.500000	-54.481922
26775.000000	-58.268881
26787.500000	-61.860028
26800.000000	-62.933134
26812.500000	-62.160450
26825.000000	-61.672563
26837.500000	-61.596833
26850.000000	-62.785648
26862.500000	-63.169650
26875.000000	-60.828066
26887.500000	-59.774017
26900.000000	-59.800141
26912.500000	-58.837737
26925.000000	-58.055988
26937.500000	-58.755340
26950.000000	-60.341411
26962.500000	-60.880722
26975.000000	-60.520293
26987.500000	-59.905679
27000.000000	-59.281782
27012.500000	-59.781641
27025.000000	-60.639633
27037.500000	-60.331185
27050.000000	-60.132430
27062.500000	-60.779496
27075.000000	-60.176461
27087.500000	-58.420247
27100.000000	-57.331857
27112.500000	-57.739915
27125.000000	-57.896543
27137.500000	-55.838906
27150.000000	-48.869358
27162.500000	-34.724494
27175.000000	-22.492214
27187.500000	-14.508372
27200.000000	-10.607221
27212.500000	-10.611015
27225.000000	-14.560512
27237.500000	-22.810546
27250.000000	-36.395860
27262.500000	-53.147908
27275.000000	-55.703580
27287.500000	-58.023650
27300.000000	-58.057515
27312.500000	-57.535161
27325.000000	-58.090934
27337.500000	-59.781738
27350.000000	-60.656662
27362.500000	-61.473150
27375.000000	-63.929667
27387.500000	-64.608867
27400.000000	-61.345842
27412.500000	-59.864241
27425.000000	-60.359933
27437.500000	-59.439964
27450.000000	-58.041845
27462.500000	-58.667923
27475.000000	-60.890078
27487.500000	-63.244297
27500.000000	-64.116693
27512.500000	-64.684089
27525.000000	-64.834163
27537.500000	-62.455373
27550.000000	-60.701448
27562.500000	-60.441620
27575.000000	-60.170882
27587.500000	-59.233471
27600.000000	-58.586943
27612.500000	-58.302842
27625.000000	-58.679440
27637.500000	-60.550418
27650.000000	-61.111842
27662.500000	-58.688798
27675.000000	-58.894902
27687.500000	-61.249853
27700.000000	-60.701987
27712.500000	-59.388310
27725.000000	-58.949075
27737.500000	-59.701699
27750.000000	-61.773656
27762.500000	-63.933020
27775.000000	-63.692034
27787.500000	-63.235634
27800.000000	-63.787295
27812.500000	-63.462909
27825.000000	-61.583011
27837.500000	-60.794213
27850.000000	-62.034283
27862.500000	-64.156970
27875.000000	-61.668371
27887.500000	-57.386804
27900.000000	-55.846959
27912.500000	-57.795481
27925.000000	-61.603727
27937.500000	-60.895741
27950.000000	-60.335260
27962.500000	-61.321311
27975.000000	-62.192642
27987.500000	-62.944881
28000.000000	-62.949771
28012.500000	-62.484047
28025.000000	-63.201697
28037.500000	-63.099224
28050.000000	-62.198369
28062.500000	-63.062729
28075.000000	-64.751185
28087.500000	-64.113499
28100.000000	-64.094441
28112.500000	-64.105498
28125.000000	-60.461465
28137.500000	-57.913546
28150.000000	-58.040106
28162.500000	-60.494661
28175.000000	-62.123618
28187.500000	-62.406634
28200.000000	-63.481075
28212.500000	-63.070548
28225.000000	-61.730391
28237.500000	-61.279227
28250.000000	-61.863644
28262.500000	-62.907919
28275.000000	-62.833707
28287.500000	-61.881411
28300.000000	-61.548843
28312.500000	-61.264551
28325.000000	-61.132024
28337.500000	-61.938240
28350.000000	-61.700687
28362.500000	-60.609292
28375.000000	-60.404608
28387.500000	-60.848882
28400.000000	-61.860535
28412.500000	-63.163809
28425.000000	-63.802350
28437.500000	-62.474055
28450.000000	-60.102286
28462.500000	-58.931281
28475.000000	-59.316141
28487.500000	-59.785716
28500.000000	-59.819620
28512.500000	-60.700575
28525.000000	-60.911247
28537.500000	-59.536833
28550.000000	-59.240986
28562.500000	-60.342068
28575.000000	-61.665488
28587.500000	-61.517423
28600.000000	-60.399533
28612.500000	-60.476477
28625.000000	-62.881693
28637.500000	-65.414056
28650.000000	-62.912500
28662.500000	-60.766062
28675.000000	-60.056525
28687.500000	-60.800770
28700.000000	-62.773430
28712.500000	-62.837879
28725.000000	-61.104987
28737.500000	-60.057130
28750.000000	-60.331099
28762.500000	-61.866401
28775.000000	-63.029818
28787.500000	-63.274936
28800.000000	-61.483513
28812.500000	-57.008125
28825.000000	-54.354342
28837.500000	-54.756274
28850.000000	-57.276517
28862.500000	-59.576713
28875.000000	-60.760559
28887.500000	-60.950913
28900.000000	-60.369145
28912.500000	-60.260109
28925.000000	-61.523751
28937.500000	-63.244677
28950.000000	-62.874706
28962.500000	-61.427256
28975.000000	-59.991762
28987.500000	-58.689206
29000.000000	-57.991622
29012.500000	-58.114848
29025.000000	-59.038323
29037.500000	-59.878312
29050.000000	-59.757953
29062.500000	-58.739052
29075.000000	-58.134388
29087.500000	-59.523988
29100.000000	-62.660582
29112.500000	-63.947331
29125.000000	-62.894725
29137.500000	-61.859224
29150.000000	-61.765247
29162.500000	-62.002091
29175.000000	-63.012377
29187.500000	-62.766111
29200.000000	-60.107766
29212.500000	-58.426175
29225.000000	-57.133599
29237.500000	-52.305881
29250.000000	-41.110878
29262.500000	-30.776663
29275.000000	-24.249897
29287.500000	-21.655876
29300.000000	-22.938533
29312.500000	-28.231268
29325.000000	-38.039447
29337.500000	-53.956520
29350.000000	-62.789515
29362.500000	-62.890675
29375.000000	-64.485043
29387.500000	-62.889149
29400.000000	-61.894648
29412.500000	-62.672184
29425.000000	-62.724797
29437.500000	-62.153508
29450.000000	-62.150331
29462.500000	-62.772901
29475.000000	-63.992320
29487.500000	-63.053982
29500.000000	-61.017037
29512.500000	-60.896177
29525.000000	-61.141751
29537.500000	-59.875093
29550.000000	-58.715510
29562.500000	-59.178165
29575.000000	-60.409474
29587.500000	-60.816332
29600.000000	-61.075850
29612.500000	-61.358386
29625.000000	-61.054966
29637.500000	-60.896927
29650.000000	-61.576986
29662.500000	-62.089282
29675.000000	-61.524155
29687.500000	-60.485100
29700.000000	-59.962653
29712.500000	-59.757305
29725.000000	-58.351177
29737.500000	-56.821353
29750.000000	-56.294491
29762.500000	-56.878290
29775.000000	-58.341398
29787.500000	-60.017193
29800.000000	-60.824587
29812.500000	-61.883790
29825.000000	-63.041038
29837.500000	-62.087207
29850.000000	-61.411848
29862.500000	-61.555710
29875.000000	-62.056403
29887.500000	-61.976646
29900.000000	-61.094145
29912.500000	-60.650749
29925.000000	-60.816821
29937.500000	-61.310519
29950.000000	-61.541402
29962.500000	-59.572929
29975.000000	-56.912921
29987.500000	-56.409413
30000.000000	-58.362265
30012.500000	-60.081532
30025.000000	-60.711463
30037.500000	-61.696159
30050.000000	-62.330653
30062.500000	-62.558153
30075.000000	-61.844547
30087.500000	-60.518362
30100.000000	-59.429973
30112.500000	-60.093822
30125.000000	-63.109978
30137.500000	-64.541140
30150.000000	-63.499561
30162.500000	-62.597247
30175.000000	-60.709844
30187.500000	-60.368846
30200.000000	-62.001023
30212.500000	-61.786257
30225.000000	-60.451215
30237.500000	-60.431490
30250.000000	-61.181180
30262.500000	-61.735097
30275.000000	-62.149250
30287.500000	-62.499926
30300.000000	-62.816329
30312.500000	-62.878720
30325.000000	-62.053234
30337.500000	-61.162690
30350.000000	-60.806337
30362.500000	-61.271408
30375.000000	-62.195054
30387.500000	-63.119439
30400.000000	-63.952036
30412.500000	-63.079622
30425.000000	-62.578983
30437.500000	-63.583597
30450.000000	-61.654093
30462.500000	-58.650541
30475.000000	-57.694160
30487.500000	-58.840137
30500.000000	-61.337189
30512.500000	-63.083141
30525.000000	-61.043633
30537.500000	-59.129047
30550.000000	-58.700201
30562.500000	-58.856021
30575.000000	-59.403330
30587.500000	-60.482553
30600.000000	-62.736573
30612.500000	-64.736451
30625.000000	-62.067899
30637.500000	-59.741594
30650.000000	-59.132078
30662.500000	-60.301896
30675.000000	-63.117270
30687.500000	-63.507447
30700.000000	-61.441649
30712.500000	-60.753340
30725.000000	-62.037840
30737.500000	-64.052233
30750.000000	-62.393923
30762.500000	-60.640790
30775.000000	-61.085348
30787.500000	-62.437341
30800.000000	-61.768035
30812.500000	-60.266339
30825.000000	-59.796751
30837.500000	-59.915911
30850.000000	-59.898305
30862.500000	-59.583982
30875.000000	-59.704042
30887.500000	-60.510931
30900.000000	-60.309206
30912.500000	-59.911015
30925.000000	-61.939546
30937.500000	-64.967355
30950.000000	-61.718191
30962.500000	-58.452125
30975.000000	-57.230730
30987.500000	-57.448356
31000.000000	-58.462244
31012.500000	-59.199507
31025.000000	-59.136486
31037.500000	-60.414006
31050.000000	-63.526527
31062.500000	-64.376859
31075.000000	-63.372718
31087.500000	-61.834533
31100.000000	-61.242747
31112.500000	-61.738677
31125.000000	-62.435984
31137.500000	-62.602015
31150.000000	-62.860248
31162.500000	-63.938822
31175.000000	-64.190106
31187.500000	-62.692862
31200.000000	-60.361324
31212.500000	-58.862308
31225.000000	-59.087671
31237.500000	-61.078493
31250.000000	-62.770488
31262.500000	-61.935535
31275.000000	-62.146715
31287.500000	-64.165950
31300.000000	-64.929696
31312.500000	-62.517385
31325.000000	-60.849482
31337.500000	-53.249875
31350.000000	-43.783457
31362.500000	-38.440830
31375.000000	-37.123380
31387.500000	-39.727665
31400.000000	-46.318300
31412.500000	-56.057781
31425.000000	-61.818116
31437.500000	-62.006530
31450.000000	-60.523462
31462.500000	-59.539026
31475.000000	-59.188929
31487.500000	-58.695172
31500.000000	-58.482095
31512.500000	-58.931430
31525.000000	-59.848552
31537.500000	-60.999837
31550.000000	-61.763974
31562.500000	-61.226821
31575.000000	-60.733373
31587.500000	-61.534640
31600.000000	-62.524623
31612.500000	-62.507102
31625.000000	-60.490353
31637.500000	-58.866831
31650.000000	-58.654744
31662.500000	-59.110933
31675.000000	-59.264547
31687.500000	-59.990931
31700.000000	-61.467882
31712.500000	-62.498038
31725.000000	-64.044754
31737.500000	-66.075512
31750.000000	-65.925457
31762.500000	-64.367022
31775.000000	-63.762161
31787.500000	-64.624542
31800.000000	-66.344466
31812.500000	-66.051656
31825.000000	-60.638411
31837.500000	-56.835213
31850.000000	-56.192582
31862.500000	-57.255909
31875.000000	-58.345987
31887.500000	-59.463962
31900.000000	-60.029047
31912.500000	-59.502263
31925.000000	-59.711159
31937.500000	-60.893081
31950.000000	-61.962019
31962.500000	-62.848545
31975.000000	-62.967561
31987.500000	-61.927239
32000.000000	-61.128226
32012.500000	-61.739661
32025.000000	-63.346951
32037.500000	-61.590798
32050.000000	-59.055010
32062.500000	-59.074942
32075.000000	-60.897139
32087.500000	-61.669534
32100.000000	-61.015698
32112.500000	-60.269550
32125.000000	-60.564347
32137.500000	-61.124061
32150.000000	-60.757221
32162.500000	-60.786806
32175.000000	-61.412639
32187.500000	-62.244509
32200.000000	-61.720365
32212.500000	-60.034909
32225.000000	-58.773344
32237.500000	-58.911922
32250.000000	-60.527945
32262.500000	-62.053794
32275.000000	-62.142465
32287.500000	-60.608162
32300.000000	-59.537867
32312.500000	-60.780858
32325.000000	-63.795778
32337.500000	-65.784239
32350.000000	-65.534494
32362.500000	-62.671911
32375.000000	-60.969258
32387.500000	-61.230201
32400.000000	-62.328401
32412.500000	-62.895474
32425.000000	-64.034011
32437.500000	-66.401053
32450.000000	-65.415264
32462.500000	-63.769852
32475.000000	-64.250267
32487.500000	-64.800462
32500.000000	-62.863770
32512.500000	-61.531022
32525.000000	-60.354595
32537.500000	-60.067339
32550.000000	-61.491852
32562.500000	-62.665455
32575.000000	-62.394632
32587.500000	-62.613396
32600.000000	-63.171761
32612.500000	-61.442263
32625.000000	-59.774980
32637.500000	-61.033645
32650.000000	-64.562120
32662.500000	-62.289971
32675.000000	-59.780179
32687.500000	-59.475063
32700.000000	-60.289891
32712.500000	-61.539662
32725.000000	-62.716170
32737.500000	-62.474460
32750.000000	-62.051950
32762.500000	-62.710226
32775.000000	-61.700840
32787.500000	-59.041551
32800.000000	-58.464952
32812.500000	-60.055551
32825.000000	-62.774479
32837.500000	-64.309912
32850.000000	-62.985234
32862.500000	-61.032874
32875.000000	-60.551286
32887.500000	-62.642315
32900.000000	-64.162559
32912.500000	-62.029981
32925.000000	-61.428264
32937.500000	-62.510190
32950.000000	-64.139872
32962.500000	-64.591884
32975.000000	-63.628511
32987.500000	-63.036205
33000.000000	-63.128906
33012.500000	-62.384076
33025.000000	-61.698598
33037.500000	-62.002825
33050.000000	-63.314455
33062.500000	-65.123226
33075.000000	-63.731268
33087.500000	-60.302243
33100.000000	-57.842903
33112.500000	-56.842821
33125.000000	-57.562721
33137.500000	-59.727155
33150.000000	-60.963653
33162.500000	-60.312981
33175.000000	-60.452064
33187.500000	-61.658946
33200.000000	-62.677177
33212.500000	-61.745198
33225.000000	-60.735775
33237.500000	-61.164787
33250.000000	-62.443212
33262.500000	-63.012694
33275.000000	-63.384290
33287.500000	-64.278151
33300.000000	-63.165950
33312.500000	-62.319589
33325.000000	-62.925639
33337.500000	-63.194300
33350.000000	-62.470136
33362.500000	-62.256568
33375.000000	-63.164012
33387.500000	-65.060044
33400.000000	-64.876389
33412.500000	-61.681804
33425.000000	-60.041558
33437.500000	-57.685099
33450.000000	-54.667919
33462.500000	-54.264831
33475.000000	-56.657817
33487.500000	-60.077884
33500.000000	-62.558858
33512.500000	-63.525546
33525.000000	-62.799031
33537.500000	-61.549452
33550.000000	-61.406189
33562.500000	-62.496430
33575.000000	-62.788698
33587.500000	-61.047898
33600.000000	-60.627982
33612.500000	-62.013198
33625.000000	-62.608405
33637.500000	-62.781000
33650.000000	-62.480710
33662.500000	-61.645561
33675.000000	-62.954124
33687.500000	-65.932600
33700.000000	-63.836313
33712.500000	-61.344221
33725.000000	-59.484403
33737.500000	-58.621510
33750.000000	-59.055166
33762.500000	-60.225794
33775.000000	-61.206261
33787.500000	-61.601049
33800.000000	-62.318742
33812.500000	-63.298702
33825.000000	-62.660352
33837.500000	-61.054550
33850.000000	-61.905255
33862.500000	-64.500407
33875.000000	-62.597776
33887.500000	-60.731868
33900.000000	-61.504944
33912.500000	-60.504561
33925.000000	-58.935679
33937.500000	-58.700996
33950.000000	-58.587585
33962.500000	-59.228509
33975.000000	-60.426042
33987.500000	-60.830805
34000.000000	-59.798568
34012.500000	-58.613652
34025.000000	-59.295254
34037.500000	-62.256558
34050.000000	-62.537476
34062.500000	-59.900181
34075.000000	-59.162586
34087.500000	-60.113118
34100.000000	-61.594235
34112.500000	-61.036234
34125.000000	-60.289396
34137.500000	-59.788682
34150.000000	-58.903381
34162.500000	-59.523482
34175.000000	-61.622989
34187.500000	-62.765522
34200.000000	-62.538040
34212.500000	-62.732240
34225.000000	-63.095771
34237.500000	-63.776831
34250.000000	-64.896065
34262.500000	-63.931500
34275.000000	-63.494920
34287.500000	-63.987219
34300.000000	-63.763671
34312.500000	-63.117198
34325.000000	-62.113643
34337.500000	-62.564815
34350.000000	-63.549674
34362.500000	-62.669224
34375.000000	-62.779322
34387.500000	-64.378162
34400.000000	-64.235292
34412.500000	-62.542375
34425.000000	-62.427850
34437.500000	-62.752786
34450.000000	-61.329700
34462.500000	-60.441548
34475.000000	-60.998748
34487.500000	-61.497055
34500.000000	-61.304405
34512.500000	-61.395841
34525.000000	-61.016555
34537.500000	-60.341180
34550.000000	-60.221724
34562.500000	-60.112707
34575.000000	-59.600440
34587.500000	-59.552854
34600.000000	-60.128283
34612.500000	-60.709829
34625.000000	-61.949424
34637.500000	-61.864892
34650.000000	-59.765253
34662.500000	-59.715893
34675.000000	-61.384976
34687.500000	-62.256773
34700.000000	-62.287944
34712.500000	-62.344269
34725.000000	-62.454854
34737.500000	-62.217028
34750.000000	-61.760280
34762.500000	-61.692479
34775.000000	-60.857402
34787.500000	-59.873955
34800.000000	-60.162810
34812.500000	-60.544341
34825.000000	-60.125822
34837.500000	-60.341024
34850.000000	-61.308887
34862.500000	-61.662243
34875.000000	-61.542992
34887.500000	-61.395441
34900.000000	-61.705022
34912.500000	-62.308946
34925.000000	-62.074306
34937.500000	-61.530842
34950.000000	-61.222811
34962.500000	-60.779013
34975.000000	-60.335642
34987.500000	-60.440617
35000.000000	-61.355346
35012.500000	-62.900173
35025.000000	-62.876254
35037.500000	-61.978869
35050.000000	-61.415180
35062.500000	-60.416644
35075.000000	-60.532921
35087.500000	-61.881758
35100.000000	-61.405194
35112.500000	-60.525113
35125.000000	-60.647555
35137.500000	-60.723755
35150.000000	-60.518655
35162.500000	-59.742915
35175.000000	-59.333743
35187.500000	-60.046788
35200.000000	-61.499136
35212.500000	-61.124527
35225.000000	-60.111637
35237.500000	-59.666488
35250.000000	-60.280141
35262.500000	-62.176280
35275.000000	-63.178414
35287.500000	-62.510320
35300.000000	-62.225699
35312.500000	-63.400238
35325.000000	-63.310915
35337.500000	-60.942404
35350.000000	-60.382139
35362.500000	-62.599621
35375.000000	-64.825745
35387.500000	-63.597769
35400.000000	-62.126681
35412.500000	-61.505068
35425.000000	-61.714496
35437.500000	-62.278383
35450.000000	-62.518736
35462.500000	-61.742005
35475.000000	-61.134020
35487.500000	-60.256964
35500.000000	-58.646445
35512.500000	-57.559696
35525.000000	-57.241008
35537.500000	-57.733183
35550.000000	-59.350502
35562.500000	-61.232741
35575.000000	-62.171089
35587.500000	-62.069948
35600.000000	-60.100122
35612.500000	-60.035722
35625.000000	-62.987074
35637.500000	-64.099096
35650.000000	-61.421719
35662.500000	-60.463886
35675.000000	-60.944263
35687.500000	-60.879183
35700.000000	-60.051015
35712.500000	-59.958656
35725.000000	-60.668011
35737.500000	-61.262653
35750.000000	-61.409113
35762.500000	-61.846517
35775.000000	-63.387043
35787.500000	-65.841010
35800.000000	-68.376986
35812.500000	-65.665183
35825.000000	-62.566500
35837.500000	-62.047402
35850.000000	-62.464497
35862.500000	-61.626871
35875.000000	-61.000818
35887.500000	-61.516362
35900.000000	-61.336232
35912.500000	-60.420895
35925.000000	-60.316711
35937.500000	-60.459445
35950.000000	-60.708098
35962.500000	-61.713705
35975.000000	-61.357146
35987.500000	-59.587608
36000.000000	-60.294691
36012.500000	-63.740340
36025.000000	-64.361563
36037.500000	-63.459941
36050.000000	-62.893012
36062.500000	-63.017460
36075.000000	-65.628852
36087.500000	-66.312486
36100.000000	-63.972779
36112.500000	-63.638460
36125.000000	-62.874397
36137.500000	-61.451549
36150.000000	-60.519128
36162.500000	-60.642877
36175.000000	-61.153534
36187.500000	-60.171065
36200.000000	-59.288438
36212.500000	-61.258243
36225.000000	-64.334808
36237.500000	-61.118398
36250.000000	-58.765212
36262.500000	-58.448706
36275.000000	-59.407683
36287.500000	-60.869751
36300.000000	-61.985527
36312.500000	-62.263764
36325.000000	-61.388595
36337.500000	-60.143985
36350.000000	-59.547514
36362.500000	-60.620760
36375.000000	-63.474412
36387.500000	-63.548593
36400.000000	-60.731791
36412.500000	-58.876407
36425.000000	-58.031663
36437.500000	-57.995098
36450.000000	-58.226380
36462.500000	-58.848084
36475.000000	-61.356168
36487.500000	-65.345012
36500.000000	-64.949231
36512.500000	-63.065991
36525.000000	-61.792189
36537.500000	-61.399365
36550.000000	-61.482383
36562.500000	-61.703297
36575.000000	-62.607415
36587.500000	-62.991143
36600.000000	-62.432332
36612.500000	-62.129601
36625.000000	-61.292317
36637.500000	-59.810083
36650.000000	-58.585583
36662.500000	-57.959974
36675.000000	-58.230995
36687.500000	-59.638191
36700.000000	-61.752436
36712.500000	-64.135627
36725.000000	-64.467809
36737.500000	-62.665162
36750.000000	-62.013281
36762.500000	-62.524794
36775.000000	-63.498264
36787.500000	-65.303162
36800.000000	-66.983718
36812.500000	-65.667566
36825.000000	-64.525523
36837.500000	-65.897237
36850.000000	-65.899852
36862.500000	-64.229567
36875.000000	-63.765340
36887.500000	-64.409616
36900.000000	-63.044024
36912.500000	-61.080857
36925.000000	-62.165431
36937.500000	-64.632932
36950.000000	-63.257532
36962.500000	-61.695384
36975.000000	-62.358966
36987.500000	-63.862443
37000.000000	-63.862475
37012.500000	-64.520642
37025.000000	-64.568877
37037.500000	-63.891379
37050.000000	-64.130718
37062.500000	-62.962836
37075.000000	-60.197910
37087.500000	-58.971163
37100.000000	-59.866221
37112.500000	-63.026659
37125.000000	-64.978658
37137.500000	-61.935016
37150.000000	-59.914109
37162.500000	-59.453551
37175.000000	-59.668553
37187.500000	-59.538820
37200.000000	-59.587868
37212.500000	-59.879323
37225.000000	-60.568536
37237.500000	-61.509621
37250.000000	-62.074328
37262.500000	-62.390198
37275.000000	-61.382961
37287.500000	-60.674869
37300.000000	-61.356991
37312.500000	-62.680141
37325.000000	-63.760103
37337.500000	-64.563505
37350.000000	-64.283617
37362.500000	-61.259978
37375.000000	-59.079310
37387.500000	-58.550992
37400.000000	-59.078973
37412.500000	-60.502203
37425.000000	-62.809574
37437.500000	-64.109431
37450.000000	-63.910032
37462.500000	-64.703173
37475.000000	-64.922862
37487.500000	-65.229527
37500.000000	-63.467425
37512.500000	-61.053669
37525.000000	-60.429956
37537.500000	-60.487869
37550.000000	-60.576750
37562.500000	-61.053375
37575.000000	-61.955485
37587.500000	-62.709401
37600.000000	-62.466632
37612.500000	-61.216568
37625.000000	-60.374413
37637.500000	-59.894559
37650.000000	-59.808341
37662.500000	-60.322460
37675.000000	-60.551410
37687.500000	-60.030799
37700.000000	-59.725455
37712.500000	-60.732080
37725.000000	-62.642655
37737.500000	-62.094002
37750.000000	-60.577430
37762.500000	-60.292427
37775.000000	-60.194930
37787.500000	-59.749337
37800.000000	-59.865950
37812.500000	-60.682996
37825.000000	-61.915078
37837.500000	-63.205825
37850.000000	-62.273130
37862.500000	-60.533110
37875.000000	-60.301195
37887.500000	-61.235434
37900.000000	-62.107590
37912.500000	-63.390825
37925.000000	-65.441048
37937.500000	-66.929881
37950.000000	-67.461938
37962.500000	-66.687651
37975.000000	-65.189009
37987.500000	-65.081990
38000.000000	-65.633928
38012.500000	-65.028281
38025.000000	-64.300656
38037.500000	-64.128357
38050.000000	-63.718804
38062.500000	-63.570933
38075.000000	-63.828960
38087.500000	-63.818244
38100.000000	-63.794737
38112.500000	-63.251631
38125.000000	-62.614612
38137.500000	-63.168870
38150.000000	-62.529102
38162.500000	-60.489498
38175.000000	-60.423509
38187.500000	-62.351152
38200.000000	-64.080637
38212.500000	-61.688456
38225.000000	-59.206165
38237.500000	-58.887394
38250.000000	-59.982542
38262.500000	-60.962750
38275.000000	-61.801494
38287.500000	-64.946911
38300.000000	-69.529902
38312.500000	-65.746063
38325.000000	-61.505077
38337.500000	-59.673333
38350.000000	-61.121994
38362.500000	-64.968594
38375.000000	-64.069496
38387.500000	-62.646728
38400.000000	-60.882050
38412.500000	-58.998838
38425.000000	-58.945478
38437.500000	-59.447329
38450.000000	-60.120419
38462.500000	-61.830640
38475.000000	-63.127776
38487.500000	-62.553173
38500.000000	-60.632111
38512.500000	-58.783017
38525.000000	-58.927030
38537.500000	-60.856615
38550.000000	-61.798141
38562.500000	-61.261614
38575.000000	-61.838247
38587.500000	-63.323552
38600.000000	-62.523041
38612.500000	-61.043827
38625.000000	-61.173586
38637.500000	-62.434716
38650.000000	-62.077919
38662.500000	-60.666053
38675.000000	-61.680821
38687.500000	-64.963902
38700.000000	-66.172063
38712.500000	-67.556876
38725.000000	-66.574227
38737.500000	-63.966344
38750.000000	-61.817223
38762.500000	-60.970631
38775.000000	-61.565741
38787.500000	-62.626638
38800.000000	-63.596207
38812.500000	-63.242546
38825.000000	-61.118183
38837.500000	-60.517089
38850.000000	-62.084796
38862.500000	-64.100970
38875.000000	-62.130537
38887.500000	-60.070691
38900.000000	-60.615870
38912.500000	-62.550054
38925.000000	-62.563171
38937.500000	-61.031578
38950.000000	-59.482891
38962.500000	-59.307776
38975.000000	-60.520135
38987.500000	-61.028882
39000.000000	-60.845718
39012.500000	-61.495000
39025.000000	-61.696959
39037.500000	-61.542500
39050.000000	-62.099168
39062.500000	-62.636181
39075.000000	-62.691579
39087.500000	-62.047991
39100.000000	-61.058737
39112.500000	-61.085035
39125.000000	-61.540824
39137.500000	-61.218425
39150.000000	-61.517204
39162.500000	-62.451316
39175.000000	-62.467604
39187.500000	-61.330579
39200.000000	-60.114278
39212.500000	-59.975854
39225.000000	-61.360160
39237.500000	-63.165275
39250.000000	-64.885137
39262.500000	-66.304568
39275.000000	-68.038804
39287.500000	-66.852492
39300.000000	-63.331042
39312.500000	-61.224110
39325.000000	-59.753575
39337.500000	-58.934603
39350.000000	-59.029392
39362.500000	-59.126196
39375.000000	-59.651746
39387.500000	-61.068026
39400.000000	-62.416404
39412.500000	-63.580769
39425.000000	-64.830984
39437.500000	-64.184427
39450.000000	-61.630404
39462.500000	-59.530110
39475.000000	-58.577244
39487.500000	-58.409916
39500.000000	-59.027666
39512.500000	-60.717181
39525.000000	-61.407349
39537.500000	-60.934608
39550.000000	-61.886526
39562.500000	-63.112953
39575.000000	-60.664183
39587.500000	-58.209116
39600.000000	-58.373639
39612.500000	-61.251321
39625.000000	-62.812055
39637.500000	-60.740593
39650.000000	-59.367733
39662.500000	-59.339440
39675.000000	-60.417019
39687.500000	-61.193796
39700.000000	-60.896191
39712.500000	-60.200147
39725.000000	-60.446897
39737.500000	-62.316482
39750.000000	-64.247012
39762.500000	-63.993261
39775.000000	-62.889708
39787.500000	-62.832230
39800.000000	-62.465829
39812.500000	-62.953233
39825.000000	-63.203395
39837.500000	-60.054234
39850.000000	-58.562775
39862.500000	-59.920243
39875.000000	-62.927792
39887.500000	-65.338891
39900.000000	-65.847244
39912.500000	-65.703849
39925.000000	-64.404427
39937.500000	-61.872872
39950.000000	-59.720961
39962.500000	-59.599095
39975.000000	-61.683468
39987.500000	-63.221604
